Workbook

Sheet Read Me
B2: Std140_TF_Results.xlsx
B4: Example results workbook for Section 7 - Building Thermal Envelope Tests Cases 195-995, & 600FF-980FF
B6: This spreadsheet contains the Standard 140, Informative Annex B8, Section B8.1 example results.
B7: See the "Table List" and "Figure List" sheets for a listing of tables and figures and their locations.
B9: This workbook can also be used to compare new results with the example results.
B10: To add new results go to sheet "Adding Results" (2nd tab) for instructions and to enter identifying information for your program.
B11: Import your results to sheet "Your Data" (3rd tab); your results will then automatically appear in the tables and figures.
B13: To print example results or example results with new user generated results go to sheet "Title Page"
B14: (4th tab) and follow the instructions starting in cell B5.
B17: SHEET GUIDE: (see Std140_TF_Results.docx for spreadsheet navigation)
B18: "Read Me" : General directions to using this workbook.
B19: "Adding Results" : Instructions for adding new results.
... B44: "K": Spare data entry sheet

Sheet Adding Results
B6: INSTRUCTIONS FOR ADDING NEW RESULTS
B8: New result data can be imported into this workbook (sheet 'YourData', next tab) and will automatically be included in tables and charts.
B10: Import data so that Cell B66 of Std140_TF_Output.xlsx is in B66 of Sheet "YourData"
B12: Check that the first value Annual Heating Load for Case 600 lands in YourData!C70.
B14: Your data will then appear in the rightmost column of each table on sheets "Tables 1" to "Tables 7" and "Tables M1" to "Tables M3".
B16: Charts are also updated with "your data" automatically.
B18: Complete the program information block just below in the cyan highlighted cells.
B19: This information is used for legend titles for the tables and graphs. See "Comparison" setting on sheet 'Title Page'
C21: Program Name and Version (with full build detail):
C22: Tested Program V1.2.3
C23: Program Version Release Date: | G23: 43845
C24: Program Name for Tables and Charts (short): | G24: Tested Prg
C25: Results Submission Date: | G25: 43900
C26: Modeler Organization for Titles (long):
C27: Testing Organization
C28: Modeler Organization for Tables and Charts (short): | G28: Org
C30: Model / Organization Indentifier for Charts (short): | G30: =IF(OR(ISTEXT(G24),ISTEXT(G28)),IF(NOT(ISTEXT(G24)),G28,IF(NOT(ISTEXT(G28)),G24,G24&"/"&G28)),"") -> Tested Prg/Org

Sheet YourData
A3: STANDARD 140 OUTPUT FORM - RESULTS | F3: Std140_TF_Output.xlsx | H3: 43831
A4: Output Spreadsheet for Standard 140 Building Thermal Fabric Modeling Comparative Test Cases of Section 7
A6: [Note to Users: This file is reorganized since 140-2017. Red text indicates content changes to 140-2017.]
A8: INSTRUCTIONS:
A10: 1. Use specified units.
A12: 2. All solar radiation data is for sum of direct and diffuse solar radiation.
A14: 3. Output terminology is defined in Section 7.3
A16: 4. Format dates using the appropriate three-character month code,
A17: one- or two-digit day, and two-digit hour code (24 hour clock), as shown below.
A19: MONTH | C19: CODE
A21: January | C21: Jan
A22: February | C22: Feb
A23: March | C23: Mar
A24: April | C24: Apr
A25: May | C25: May
A26: June | C26: Jun
A27: July | C27: Jul
A28: August | C28: Aug
A29: September | C29: Sep
A30: October | C30: Oct
A31: November | C31: Nov
A32: December | C32: Dec
A34: For example, a peak occuring on Jan 4 during the 8th hour interval (0700-0800),
A35: shall be input as:
A37: Month | B37: Day | C37: Hour
A38: Jan | B38: 4 | C38: 8
A40: 5. Data entry is restricted to the following ranges:
B41: C61…C63: | C41: Software Name, Version, and Date of Results
B42: C70…L115: | C42: Conditioned Zone Loads (Non-Free-Float Test Cases)
B43: C130…K136: | C43: Free-Float Case Zone Temperatures
B44: C155…C171: | C44: Solar Radiation, as specified
B45: C178…K178: | C45: Sky Temperature
B46: C190…R201: | C46: Monthly Conditioned Zone Loads (Cases 600 and 900)
B47: C230…T253: | C47: Specific-Day Hourly Output: incident and transmitted solar radiation and sky temperatures
B48: C262…Z285: | C48: Specific-Day Hourly Output: zone loads (selected cases) and conditioned-zone temperatures (Cases 640 and 940)
B49: C294…H317: | C49: Specific-Day Hourly Output: free float temperatures
B50: C330…C478: | C50: Case 900FF Zone Temperature Bin Data, enter 8760 hours of zone temperature data in
C51: Sheet 'TMPBIN' (next tab), as specified in Cell E1 there. Bin data will flow to C330 - C478
C52: on this sheet (sheet 'A').
B57: USER NOTE: Paste new data in row 61 and below. | C57: Program Label in C61 flows to data labels in charts and figures. Avoid overwrite or re-enter "='Adding Results'!G24" there.
C58: Version and Date of Results will also transfer from 'Adding Results' sheet.
C59: To print pdf file, see instructions on "Title Page" tab.
B60: Enter identifying information in C61, C62, C63
B61: Software: | C61: ='Adding Results'!G24 -> Tested Prg
B62: Version: | C62: ='Adding Results'!C22 -> Tested Program V1.2.3
B63: Date of Results: | C63: ='Adding Results'!G25 -> 43900
B66: Conditioned Zone Loads (Non-Free-Float Test Cases)
C67: ANNUAL LOADS | G67: ANNUAL HOURLY INTEGRATED PEAK LOADS
C68: Heating | D68: Cooling | E68: Heating | I68: Cooling
B69: CASE# | C69: MWh | D69: MWh | E69: kW | F69: Month* | G69: Day | H69: Hour | I69: kW | J69: Month* | K69: Day | L69: Hour
B70: 600
B71: 610
B72: 620
B73: 630
B74: 640
B75: 650
B76: 660
B77: 670
B78: 680
B79: 685
B80: 695
B81: 900
B82: 910
B83: 920
B84: 930
B85: 940
B86: 950
B87: 960
B88: 980
B89: 985
B90: 995
B91: 195
B92: 200
B93: 210
B94: 215
B95: 220
B96: 230
B97: 240
B98: 250
B99: 270
B100: 280
B101: 290
B102: 300
... B110: 440
B111: 450
B112: 460
B113: 470
B114: 800
B115: 810
E116: * Apply month abbreviations of cells C19 to C30 as appropriate.
B126: Free-Float Case Zone Temperatures
C127: Ann. Hourly | E127: Annual Hourly Integrated Zone Temperature Extremes
C128: Average | D128: Minimum | H128: Maximum
B129: CASE# | C129: °C | D129: °C | E129: Month* | F129: Day | G129: Hour | H129: °C | I129: Month* | J129: Day | K129: Hour
B130: 600FF
B131: 900FF
B132: 650FF
B133: 950FF
B134: 680FF
B135: 980FF
...

Sheet Title Page
A5: ASHRAE Standard 140-2023 | B5: To print example results:
A6: =IF(B21="Comparison","","Informative Annex B8, Section B8.1") -> Informative Annex B8, Section B8.1 | B6: 1. Select results type in cell B21:
B7: "Example" for Standard 140 Annex B8 Example Results
A8: =IF(B21="Comparison","Test Results Comparison","Example Results") -> Example Results | B8: "Comparison" if comparing new user results with the example results
A9: for | B9: 2. Select the following sheets:
A10: Section 7 - Building Thermal Envelope and Fabric Load Cases 195-995 & 600FF-980FF | B10: "Title Page" thru "Figure List"
B11: "Tables 1" thru "Tables M3" (all tables tabs)
B12: "Fig B8-1" thru "Fig B8-H38" (all figures tabs)
A13: =IF(B21="Comparison","Results for "&'Adding Results'!$C$22,"") | B13: 3. Print, or Save to pdf.
A14: =IF(B21="Comparison","(" & 'Adding Results'!$G$24 & ")","")
A15: =IF(B21="Comparison","vs.","") | B15: The title page, and table and chart titles are based upon the selected results type,
A16: =IF(B21="Comparison","Example Results","") | B16: and for comparison results, also include inputs from the program
B17: information block of the "Adding Results" tab.
A19: =IF(B21="Comparison","Prepared By","")
A20: =IF(B21="Comparison",IF('Adding Results'!C27="","",'Adding Results'!C27),"") | B20: Results Type (Example or Comparison)
A21: =IF(B21="Comparison","("&'Adding Results'!$G$28&")","") | B21: Example
A23: =IF(B21="Comparison","Results Developed","")
A24: =IF(B21="Comparison",TEXT('Adding Results'!$G$25,"DD-MMM-YYYY"),"")
B29: Scratch area for Table Title
B30: =IF(B21="Comparison",'Title Page'!$A$5&", "&'Title Page'!$A$8&" "&'Title Page'!$A$9&" "&'Title Page'!$A$10,'Title Page'!$A$5&", "&'Title Page'!$A$6) -> ASHRAE Standard 140-2023, Informative Annex B8, Section B8.1
B31: Scratch area for Table subtitle 1
B32: =IF('Title Page'!$B$21="Example",'Title Page'!$A$8&" "&'Title Page'!$A$9&" "&'Title Page'!$A$10, YourData!$A$46&" "&'Title Page'!$A$14 &" "& 'Title Page'!$A$15&" "&"Annex B8, Section B8.1 Example Results") -> Example Results for Section 7 - Building Thermal Envelope and Fabric Load Cases 195-995 & 600FF-980FF
B33: Scratch area for Table subtitle 2
B34: =IF('Title Page'!$B$21="Example","", "By "&'Title Page'!$A$20&" "&'Title Page'!$A$21&", "&'Title Page'!$A$24)
B36: Scratch area for chart subtitles
B37: =$B$30&" "&$B$32 & IF(B34="","", (", b" & MID($B$34,2,200))) -> ASHRAE Standard 140-2023, Informative Annex B8, Section B8.1 Example Results for Section 7 - Building Thermal Envelope and Fabric Load Cases 195-995 & 600FF-980FF

Sheet Program List
C1: =IF(ISTEXT('Title Page'!$A$5),'Title Page'!$A$5,"") -> ASHRAE Standard 140-2023
C2: Computer Programs, Program Authors, and Producers of Example Results for
C3: ='Title Page'!$A$10 -> Section 7 - Building Thermal Envelope and Fabric Load Cases 195-995 & 600FF-980FF
B5: The programs used to generate the example results for Section 7 are described in Table B11-1. Under the "Computer Program" column, the first entry in each cell is the proper program name and version number. The entries in parentheses are the abbreviations for the programs used in the tables and charts of this workbook.
B7: The second column ("Authoring Organization") indicates the national research facility, university,
B8: or industry organization with expertise in building science that wrote the simulation software.
B10: The third column ("Example Results Produced By") indicates the national research facility, university, or industry organization with expertise in building science that performed the simulations. Most of the organizations that performed simulations are members of the development team for the simulation model that they ran.
B11: See Standard 140, Annex B11 for further details.
C13: TABLE B11-1
C14: Computer Programs, Program Authors, and Producers of Example Results
B16: Computer Program (Abbrev.) | C16: Authoring Organization | D16: Example Results Produced by
B17: BSIMAC 9, Version 9.0.74 (BSIMAC) | C17: Alec Johannsen Consulting Engineers, South Africa | D17: Alec Johannsen Consulting Engineers, South Africa
B18: California Simulation Engine, Version 0.861.1 (CSE) | C18: J.R. Barnaby/C.S. Barnaby/Big Ladder Software LLC/Wrightsoft Corp., United States | D18: Big Ladder Software LLC, United States
B19: DeST 2.0, Version 20190401 (DeST) | C19: Tsinghua University, China | D19: Southeast University, China Tsinghua University, China
B20: EnergyPlus, Version 9.0.1 (EnergyPlus) | C20: U.S. Department of Energy, Building Technologies Office, United States | D20: GARD Analytics, Inc., United States
B21: ESP-r, Version 13.3 (ESP-r) | C21: University of Strathclyde, United Kingdom | D21: University of Strathclyde, United Kingdom
B22: TRNSYS, Version 18.01.0001 (TRNSYS) | C22: Transsolar Energietechnik GmbH, Germany; Thermal Energy System Specialists, United States | D22: Transsolar Energietechnik GmbH, Germany
B23: TRNSYS, Versions 17.02.0005 and 18.00.0017 (N/A) | C23: Transsolar Energietechnik GmbH, Germany; Thermal Energy System Specialists, United States | D23: Ecole Polytechnique Montréal, Canadaa,b
B24: a Ecole Polytechnique and GARD also worked on simulations for developing alternative constant interior and exterior surface
B25: coefficients, applying TRNSYS and EnergyPlus, respectively.
B26: b Also checking input files versus the Transsolar participant’s files and vice versa.
B28: Note: Results for “TestSpec-Alt” are shown in Table B8-16 and in Figures B8-6, B8-H10, and B8-H11; contents of tables and figures are further described in sheet tabs labeled "Table List" and "Figure List". “TestSpec-Alt” results are alternative values resulting from optional alternative inputs for sky temperature provided in the test specification (see Section 7.2.1.1.1.2 and Annex A1, Section A1.1.1.2).

Sheet Table List
A1: =IF('Title Page'!$B$21="Example",'Title Page'!$B$30,"ASHRAE Standard 140-2023 Section 7 - Building Thermal Envelope and Fabric Load Tests") -> ASHRAE Standard 140-2023, Informative Annex B8, Section B8.1
A2: ='Title Page'!$B$32 -> Example Results for Section 7 - Building Thermal Envelope and Fabric Load Cases 195-995 & 600FF-980FF
A3: ='Title Page'!$B$34
B5: List of Tables
B7: Table | C7: Description | D7: Sheet Tab | E7: Cell Range
B8: B8-1 | C8: Annual Heating Loads | D8: Tables 1 | E8: B7 - N57
B9: B8-2 | C9: Annual Sensible Cooling Loads | E9: B59 - N109
B10: B8-3 | C10: Annual Hourly Integrated Peak Heating Loads | D10: Tables 2 | E10: B7 - AI57
B11: B8-4 | C11: Annual Hourly Integrated Peak Sensible Cooling Loads | E11: B59 - AI109
B12: B8-5 | C12: Free-Float Temperature Output | E12: B111 - AI145
B13: B8-6 | C13: Low Mass Basic Sensitivity Tests | D13: Tables 3 | E13: B7 - N58
B14: B8-7 | C14: High Mass Basic Sensitivity Tests | E14: B61 - N112
B15: B8-8 | C15: Low Mass In-Depth (Cases 195 thru 320) Sensitivity Tests | D15: Tables 4 | E15: B7 - N76
B16: B8-9 | C16: Low Mass In-Depth (Cases 395 thru 470) Sensitivity Tests | D16: Tables 5 | E16: B7 - N64
B17: B8-10 | C17: High Mass Basic and In-Depth Sensitivity Tests | E17: B67 - N122
B18: B8-11 | C18: Annual Transmissivity Coefficient of Windows | D18: Tables 6 | E18: B7 - N16
B19: B8-12 | C19: Annual Shading Coefficient of Window Shading Devices: Overhangs & Fins | E19: B18 - N25
B20: B8-13 | C20: Case 600 Annual Incident Solar Radiation (kWh/m2) | E20: B27 - N36
B21: B8-14 | C21: Case 600 Annual Transmitted Solar Radiation – Unshaded (kWh/m2) | E21: B38 - N46
B22: B8-15 | C22: Case 600 Annual Transmitted Solar Radiation –Shaded (kWh/m2) | E22: B48 - N54
B23: B8-16 | C23: Sky Temperature Output, Case 600 | D23: Tables 7 | E23: B7 - AM15
B24: B8-M1 | C24: Monthly Heating Loads | D24: Tables M1 | E24: B7 - N36
B25: B8-M2 | C25: Monthly Sensible Cooling Loads | E25: B38 - N67
B26: B8-M3 | C26: Monthly Hourly Integrated Peak Heating Loads | D26: Tables M2 | E26: B7 - AB36
B27: B8-M4 | C27: Monthly Hourly Integrated Peak Sensible Cooling Loads | E27: B38 - AB67
B28: B8-M5 | C28: Monthly Load 600-900 Sensitivity Tests | D28: Tables M3 | E28: B7 - N68

Sheet Figure List
A1: =IF('Title Page'!$B$21="Example",'Title Page'!$B$30,"ASHRAE Standard 140-2023 Section 7 - Building Thermal Envelope and Fabric Load Tests") -> ASHRAE Standard 140-2023, Informative Annex B8, Section B8.1
A2: ='Title Page'!$B$32 -> Example Results for Section 7 - Building Thermal Envelope and Fabric Load Cases 195-995 & 600FF-980FF
A3: ='Title Page'!$B$34
B5: List of Figures
B7: Figure | C7: Title | D7: Sheet Tab
B8: B8-1 | C8: Annual Incident Solar Radiation | D8: Fig B8-1 Ann Incident Solar
B9: B8-2 | C9: Annual Transmitted Solar Radiation Unshaded | D9: Fig B8-2 Ann SolRad Unshaded
B10: B8-3 | C10: Annual Transmitted Solar Radiation Shaded | D10: Fig B8-3 Ann SolRad Shaded
B11: B8-4 | C11: Annual Transmissivity Coefficient of Windows | D11: Fig B8-4 Trans Coeff
C12: (Unshaded Transmitted)/(Incident Solar Radiation)
B13: B8-5 | C13: Annual Overhang and Fin Shading Coefficients | D13: Fig B8-5 OH&Fin Shade Coeff
C14: (1-(Shaded)/(Unshaded)) Transmitted Solar Radiation
B15: B8-6 | C15: Average, Minimum and Maximum Sky Temperature, Case 600 | D15: Fig B8-6 Sky Temp
B16: B8-7 | C16: Basic: Low Mass Annual Heating | D16: Fig B8-7 Lomass Ann Heat
B17: B8-8 | C17: Basic: Low Mass Annual Sensible Cooling | D17: Fig B8-8 Lomass Ann Cool
B18: B8-9 | C18: Basic: Low Mass Peak Heating | D18: Fig B8-9 Lomass Peak Heat
B19: B8-10 | C19: Basic: Low Mass Peak Sensible Cooling | D19: Fig B8-10 Lomass Peak Cool
B20: B8-11 | C20: Basic: High Mass Annual Heating | D20: Fig B8-11 Himass Ann Heat
B21: B8-12 | C21: Basic: High Mass Annual Sensible Cooling | D21: Fig B8-12 Himass Ann Cool
B22: B8-13 | C22: Basic: High Mass Peak Heating | D22: Fig B8-13 Himass Peak Heat
B23: B8-14 | C23: Basic: High Mass Peak Sensible Cooling | D23: Fig B8-14 Himass Peak Cool
B24: B8-15 | C24: Basic and In-Depth: South Window (Delta), | D24: Fig B8-15 Delta-S Win-Ann
C25: Annual Heating and Sensible Cooling
B26: B8-16 | C26: Basic and In-Depth: South Window (Delta), | D26: Fig B8-16 Delta-S Win-Peak
C27: Peak Heating and Sensible Cooling
B28: B8-17 | C28: Basic: Window Shading and Orientation (Delta), | D28: Fig B8-17 Delta-ShadeOrient-Load
C29: Annual Heating and Sensible Cooling
B30: B8-18 | C30: Basic: Window Shading and Orientation (Delta), | D30: Fig B8-18 Delta-ShadeOrient-Peak
C31: Peak Heating and Sensible Cooling
B32: B8-19 | C32: Basic: Thermostat Setback, Vent Cooling, and Sunspace (Delta), | D32: Fig B8-19 Delta-640650960-Load
C33: Annual Heating and Sensible Cooling
B34: B8-20 | C34: Basic: Thermostat Setback, Vent Cooling, and Sunspace (Delta), | D34: Fig B8-20 Delta-640650960-Peak
C35: Peak Heating and Sensible Cooling
B36: B8-21 | C36: Basic and In-Depth: Mass Effect (Delta), | D36: Fig B8-21 Delta-Mass Effect-Ann
C37: Annual Heating and Sensible Cooling
B38: B8-22 | C38: Basic and In-Depth: Mass Effect (Delta), | D38: Fig B8-22 Delta-Mass Effect-Pk
C39: Peak Heating and Sensible Cooling
B40: B8-23 | C40: Basic: Cases 660 to 695 and 980 to 995 Annual Heating | D40: Fig B8-23 660+ Ann Heat
B41: B8-24 | C41: Basic: Cases 660 to 695 and 980 to 995 Annual Cooling | D41: Fig B8-24 660+ Ann Cool
B42: B8-25 | C42: Basic: Cases 660 to 695 and 980 to 995 Peak Heating | D42: Fig B8-25 660+ Peak Heat
B43: B8-26 | C43: Basic: Cases 660 to 695 and 980 to 995 Peak Cooling | D43: Fig B8-26 660+ Peak Cool
B44: B8-27 | C44: Basic: Window Types (Delta), Annual Heating and Sensible Cooling | D44: Fig B8-27 Delta-Windows-Load
B45: B8-28 | C45: Basic: Window Types (Delta), Peak Heating and Sensible Cooling | D45: Fig B8-28 Delta-Windows-Peak
B46: B8-29 | C46: Basic: Insulation (Delta), Annual Heating and Sensible Cooling | D46: Fig B8-29 Delta-Insul-Load
B47: B8-30 | C47: Basic: Insulation (Delta), Peak Heating and Sensible Cooling | D47: Fig B8-30 Delta-Insul-Peak
B48: B8-31 | C48: Basic: Insulation, Mass Effect (Delta), | D48: Fig B8-31 Del-Mass-Ins-Load
C49: Annual Heating and Sensible Cooling
B50: B8-32 | C50: Basic: Insulation, Mass Effect (Delta), | D50: Fig B8-32 Del-Mass-Ins-Peak
C51: Peak Heating and Sensible Cooling
B52: B8-33 | C52: Basic: Average Hourly Annual Temperature Free-Float Cases | D52: Fig B8-33 FF Average Temp
B53: B8-34 | C53: Basic: Maximum Hourly Annual Temperature Free-Float Cases | D53: Fig B8-34 FF Maximum Temp
B54: B8-35 | C54: Basic: Minimum Hourly Annual Temperature Free-Float Cases | D54: Fig B8-35 FF Minimum Temp
B55: B8-36 | C55: In-Depth: Low Mass Cases 195 to 250 Annual Heating | D55: Fig B8-36 195to250 Ann Heat
B56: B8-37 | C56: In-Depth: Low Mass Cases 195 to 250 Annual Sensible Cooling | D56: Fig B8-37 195to250 Ann Cool
B57: B8-38 | C57: In-Depth: Low Mass Cases 195 to 250 Peak Heating | D57: Fig B8-38 195to250 Peak Heat
B58: B8-39 | C58: In-Depth: Low Mass Cases 195 to 250 Peak Sensible Cooling | D58: Fig B8-39 195to250 Peak Cool
B59: B8-40 | C59: In-Depth: Low Mass Cases 270 to 320 Annual Heating | D59: Fig B8-40 270to320 Ann Heat
B60: B8-41 | C60: In-Depth: Low Mass Cases 270 to 320 Annual Sensible Cooling | D60: Fig B8-41 270to320 Ann Cool
B61: B8-42 | C61: In-Depth: Low Mass Cases 270 to 320 Peak Heating | D61: Fig B8-42 270to320 Peak Heat
B62: B8-43 | C62: In-Depth: Low Mass Cases 270 to 320 Peak Sensible Cooling | D62: Fig B8-43 270to320 Peak Cool
B63: B8-44 | C63: In-Depth: Cases 195 to 220 (Delta) | D63: Fig B8-44 Delta 195to220 Load
C64: Annual Heating and Sensible Cooling
B65: B8-45 | C65: In-Depth: Cases 195 to 220 (Delta) | D65: Fig B8-45 Delta 195to220 Peak
C66: Peak Heating and Sensible Cooling
B67: B8-46 | C67: In-Depth: Cases 220 to 270 (Delta) | D67: Fig B8-46 Delta 220to270 Load
C68: Annual Heating and Sensible Cooling
B69: B8-47 | C69: In-Depth: Cases 220 to 270 (Delta) | D69: Fig B8-47 Delta 220to270 Peak
C70: Peak Heating and Sensible Cooling
B71: B8-48 | C71: In-Depth: Cases 270 to 320 (Delta) | D71: Fig B8-48 Delta 270to320 Load
C72: Annual Heating and Sensible Cooling
B73: B8-49 | C73: In-Depth: Cases 270 to 320 (Delta) | D73: Fig B8-49 Delta 270to320 Peak
C74: Peak Sensible Cooling
B75: B8-50 | C75: In-Depth: Cases 395 to 440, 800, 810 Annual Heating | D75: Fig B8-50 395to440,8n0 Ann Heat
B76: B8-51 | C76: In-Depth: Cases 395 to 440, 800, 810 Annual Sensible Cooling | D76: Fig B8-51 395to440,8n0 Ann Cool
B77: B8-52 | C77: In-Depth: Cases 395 to 440, 800, 810 Peak Heating | D77: Fig B8-52 395to440,8n0 Pk Heat
B78: B8-53 | C78: In-Depth: Cases 395 to 440, 800, 810 Peak Sensible Cooling | D78: Fig B8-53 395to440,8n0 Pk Cool
B79: B8-54 | C79: In-Depth: Cases 395 to 600, 810 to 900 (Delta) | D79: Fig B8-54 Del 395-600,810,900 Ld
C80: Annual Heating and Sensible Cooling
B81: B8-55 | C81: In-Depth: Cases 395 to 600, 810 to 900 (Delta) | D81: Fig B8-55 Del 395-600,810,900 Pk
C82: Peak Heating and Sensible Cooling
B83: B8-56 | C83: In-Depth: Surface Heat Transfer Cases 600, 450, 460, 470 | D83: Fig B8-56 SurfCoefs-Load
C84: Annual Heating and Sensible Cooling
B85: B8-57 | C85: In-Depth: Surface Heat Transfer Cases 600, 450, 460, 470 | D85: Fig B8-57 SurfCoefs-Peak
C86: Peak Heating and Sensible Cooling
B87: B8-58 | C87: In-Depth: Surface Heat Transfer Cases 450 to 600 (Delta) | D87: Fig B8-58 SurfHT Delta-Load
C88: Annual Heating and Sensible Cooling
B89: B8-59 | C89: In-Depth: Surface Heat Transfer Cases 450 to 600 (Delta) | D89: Fig B8-59 SurfHT Delta-Peak
C90: Peak Heating and Sensible Cooling
B91: B8-M1 | C91: Monthly Heating, Case 600 | D91: Fig B8-M1 MthlyHtg-600
B92: B8-M2 | C92: Monthly Sensible Cooling, Case 600 | D92: Fig B8-M2 MthlyCtg-600
B93: B8-M3 | C93: Monthly Peak Heating, Case 600 | D93: Fig B8-M3 MthlyPkHtg-600
B94: B8-M4 | C94: Monthly Peak Sensible Cooling, Case 600 | D94: Fig B8-M4 MthlyPkClg-600
B95: B8-M5 | C95: Monthly Heating, Case 900 | D95: Fig B8-M5 MthlyHtg-900
B96: B8-M6 | C96: Monthly Sensible Cooling, Case 900 | D96: Fig B8-M6 MthlyCtg-900
B97: B8-M7 | C97: Monthly Peak Heating, Case 900 | D97: Fig B8-M7 MthlyPkHtg-900
B98: B8-M8 | C98: Monthly Peak Sensible Cooling, Case 900 | D98: Fig B8-M8 MthlyPkClg-900
B99: B8-M9 | C99: Monthly Heating Sensitivity (Delta), Case 600-900 | D99: Fig B8-M9 Del-MthlyHtg 600-900
B100: B8-M10 | C100: Monthly Cooling Sensitivity (Delta), Case 600-900 | D100: Fig B8-M10 Del-MthlyCtg 600-900
B101: B8-M11 | C101: Monthly Peak Heating Sensitivity (Delta), Case 600-900 | D101: Fig B8-M11 Del-MthlyPkH 600-900
B102: B8-M12 | C102: Monthly Peak Cooling Sensitivity (Delta), Case 600-900 | D102: Fig B8-M12 Del-MthlyPkC 600-900
...

Sheet Tables 1
B1: ='Title Page'!$B$30 -> ASHRAE Standard 140-2023, Informative Annex B8, Section B8.1
B2: ='Title Page'!$B$32 -> Example Results for Section 7 - Building Thermal Envelope and Fabric Load Cases 195-995 & 600FF-980FF
B3: ='Title Page'!$B$34
C4: Note: The statistics in the tables below are based on the listed example results.
C5: These statistics do not have any substantial importance and are not to be interpreted as acceptance criteria.
B7: Table B8-1. Annual Heating Loads (MWh)
B8: Simulation Model: | C8: ='DATA for charts'!C6 -> BSIMAC | D8: ='DATA for charts'!D6 -> CSE | E8: ='DATA for charts'!E6 -> DeST | F8: ='DATA for charts'!F6 -> EnergyPlus | G8: ='DATA for charts'!G6 -> ESP-r | H8: ='DATA for charts'!H6 -> TRNSYS | I8: Statistics for Example Results | N8: ='DATA for charts'!$S$6 -> Tested Prg
C9: ='DATA for charts'!C7 | D9: ='DATA for charts'!D7 | E9: ='DATA for charts'!E7 | F9: ='DATA for charts'!F7 | G9: ='DATA for charts'!G7 | H9: ='DATA for charts'!H7 | I9: Min | J9: Max | K9: Mean | L9: (Max-Min)/ | N9: ='DATA for charts'!$S$7
B10: Case | L10: Mean** (%)
B11: 600 Base Case, South Windows | C11: =IF(ISNUMBER(OFFSET(INDIRECT("'"&'DATA for charts'!C$5&"'!$c70"),$R11,0)),OFFSET(INDIRECT("'"&'DATA for charts'!C$5&"'!$c70"),$R11,0),"") -> 4.05 | D11: =IF(ISNUMBER(OFFSET(INDIRECT("'"&'DATA for charts'!D$5&"'!$c70"),$R11,0)),OFFSET(INDIRECT("'"&'DATA for charts'!D$5&"'!$c70"),$R11,0),"") -> 3.992755 | E11: =IF(ISNUMBER(OFFSET(INDIRECT("'"&'DATA for charts'!E$5&"'!$c70"),$R11,0)),OFFSET(INDIRECT("'"&'DATA for charts'!E$5&"'!$c70"),$R11,0),"") -> 4.047 | F11: =IF(ISNUMBER(OFFSET(INDIRECT("'"&'DATA for charts'!F$5&"'!$c70"),$R11,0)),OFFSET(INDIRECT("'"&'DATA for charts'!F$5&"'!$c70"),$R11,0),"") -> 4.3243743 | G11: =IF(ISNUMBER(OFFSET(INDIRECT("'"&'DATA for charts'!G$5&"'!$c70"),$R11,0)),OFFSET(INDIRECT("'"&'DATA for charts'!G$5&"'!$c70"),$R11,0),"") -> 4.362 | H11: =IF(ISNUMBER(OFFSET(INDIRECT("'"&'DATA for charts'!H$5&"'!$c70"),$R11,0)),OFFSET(INDIRECT("'"&'DATA for charts'!H$5&"'!$c70"),$R11,0),"") -> 4.50355 | I11: =MIN(C11:H11) -> 3.992755 | J11: =MAX(C11:H11) -> 4.50355 | K11: =AVERAGE(C11:H11) -> 4.2132799 | L11: =ABS((J11-I11)/K11) -> 0.12123453 | N11: =IF(ISNUMBER(YourData!$C70),YourData!$C70,"") | Q11: 0 | R11: 0
B12: 610 S. Windows + Overhang | C12: =IF(ISNUMBER(OFFSET(INDIRECT("'"&'DATA for charts'!C$5&"'!$c70"),$R12,0)),OFFSET(INDIRECT("'"&'DATA for charts'!C$5&"'!$c70"),$R12,0),"") -> 4.163 | D12: =IF(ISNUMBER(OFFSET(INDIRECT("'"&'DATA for charts'!D$5&"'!$c70"),$R12,0)),OFFSET(INDIRECT("'"&'DATA for charts'!D$5&"'!$c70"),$R12,0),"") -> 4.0664235 | E12: =IF(ISNUMBER(OFFSET(INDIRECT("'"&'DATA for charts'!E$5&"'!$c70"),$R12,0)),OFFSET(INDIRECT("'"&'DATA for charts'!E$5&"'!$c70"),$R12,0),"") -> 4.144 | F12: =IF(ISNUMBER(OFFSET(INDIRECT("'"&'DATA for charts'!F$5&"'!$c70"),$R12,0)),OFFSET(INDIRECT("'"&'DATA for charts'!F$5&"'!$c70"),$R12,0),"") -> 4.3748054 | G12: =IF(ISNUMBER(OFFSET(INDIRECT("'"&'DATA for charts'!G$5&"'!$c70"),$R12,0)),OFFSET(INDIRECT("'"&'DATA for charts'!G$5&"'!$c70"),$R12,0),"") -> 4.527 | H12: =IF(ISNUMBER(OFFSET(INDIRECT("'"&'DATA for charts'!H$5&"'!$c70"),$R12,0)),OFFSET(INDIRECT("'"&'DATA for charts'!H$5&"'!$c70"),$R12,0),"") -> 4.59206 | I12: =MIN(C12:H12) -> 4.0664235 | J12: =MAX(C12:H12) -> 4.59206 | K12: =AVERAGE(C12:H12) -> 4.3112148 | L12: =ABS((J12-I12)/K12) -> 0.12192306 | N12: =IF(ISNUMBER(YourData!$C71),YourData!$C71,"") | Q12: 1 | R12: =R11+1 -> 1
B13: 620 East & West Windows | C13: =IF(ISNUMBER(OFFSET(INDIRECT("'"&'DATA for charts'!C$5&"'!$c70"),$R13,0)),OFFSET(INDIRECT("'"&'DATA for charts'!C$5&"'!$c70"),$R13,0),"") -> 4.37 | D13: =IF(ISNUMBER(OFFSET(INDIRECT("'"&'DATA for charts'!D$5&"'!$c70"),$R13,0)),OFFSET(INDIRECT("'"&'DATA for charts'!D$5&"'!$c70"),$R13,0),"") -> 4.0935981 | E13: =IF(ISNUMBER(OFFSET(INDIRECT("'"&'DATA for charts'!E$5&"'!$c70"),$R13,0)),OFFSET(INDIRECT("'"&'DATA for charts'!E$5&"'!$c70"),$R13,0),"") -> 4.297 | F13: =IF(ISNUMBER(OFFSET(INDIRECT("'"&'DATA for charts'!F$5&"'!$c70"),$R13,0)),OFFSET(INDIRECT("'"&'DATA for charts'!F$5&"'!$c70"),$R13,0),"") -> 4.4850772 | G13: =IF(ISNUMBER(OFFSET(INDIRECT("'"&'DATA for charts'!G$5&"'!$c70"),$R13,0)),OFFSET(INDIRECT("'"&'DATA for charts'!G$5&"'!$c70"),$R13,0),"") -> 4.5143 | H13: =IF(ISNUMBER(OFFSET(INDIRECT("'"&'DATA for charts'!H$5&"'!$c70"),$R13,0)),OFFSET(INDIRECT("'"&'DATA for charts'!H$5&"'!$c70"),$R13,0),"") -> 4.71898 | I13: =MIN(C13:H13) -> 4.0935981 | J13: =MAX(C13:H13) -> 4.71898 | K13: =AVERAGE(C13:H13) -> 4.4131592 | L13: =ABS((J13-I13)/K13) -> 0.14170844 | N13: =IF(ISNUMBER(YourData!$C72),YourData!$C72,"") | Q13: 2 | R13: =R12+1 -> 2
B14: 630 E&W Windows + Overhang & Fins | C14: =IF(ISNUMBER(OFFSET(INDIRECT("'"&'DATA for charts'!C$5&"'!$c70"),$R14,0)),OFFSET(INDIRECT("'"&'DATA for charts'!C$5&"'!$c70"),$R14,0),"") -> 4.923 | D14: =IF(ISNUMBER(OFFSET(INDIRECT("'"&'DATA for charts'!D$5&"'!$c70"),$R14,0)),OFFSET(INDIRECT("'"&'DATA for charts'!D$5&"'!$c70"),$R14,0),"") -> 4.3559459 | E14: =IF(ISNUMBER(OFFSET(INDIRECT("'"&'DATA for charts'!E$5&"'!$c70"),$R14,0)),OFFSET(INDIRECT("'"&'DATA for charts'!E$5&"'!$c70"),$R14,0),"") -> 4.677 | F14: =IF(ISNUMBER(OFFSET(INDIRECT("'"&'DATA for charts'!F$5&"'!$c70"),$R14,0)),OFFSET(INDIRECT("'"&'DATA for charts'!F$5&"'!$c70"),$R14,0),"") -> 4.7835485 | G14: =IF(ISNUMBER(OFFSET(INDIRECT("'"&'DATA for charts'!G$5&"'!$c70"),$R14,0)),OFFSET(INDIRECT("'"&'DATA for charts'!G$5&"'!$c70"),$R14,0),"") -> 5.0506 | H14: =IF(ISNUMBER(OFFSET(INDIRECT("'"&'DATA for charts'!H$5&"'!$c70"),$R14,0)),OFFSET(INDIRECT("'"&'DATA for charts'!H$5&"'!$c70"),$R14,0),"") -> 5.13858 | I14: =MIN(C14:H14) -> 4.3559459 | J14: =MAX(C14:H14) -> 5.13858 | K14: =AVERAGE(C14:H14) -> 4.8214457 | L14: =ABS((J14-I14)/K14) -> 0.16232353 | N14: =IF(ISNUMBER(YourData!$C73),YourData!$C73,"") | Q14: 3 | R14: =R13+1 -> 3
B15: 640 Case 600 with Htg Temp. Setback | C15: =IF(ISNUMBER(OFFSET(INDIRECT("'"&'DATA for charts'!C$5&"'!$c70"),$R15,0)),OFFSET(INDIRECT("'"&'DATA for charts'!C$5&"'!$c70"),$R15,0),"") -> 2.682 | D15: =IF(ISNUMBER(OFFSET(INDIRECT("'"&'DATA for charts'!D$5&"'!$c70"),$R15,0)),OFFSET(INDIRECT("'"&'DATA for charts'!D$5&"'!$c70"),$R15,0),"") -> 2.4032419 | E15: =IF(ISNUMBER(OFFSET(INDIRECT("'"&'DATA for charts'!E$5&"'!$c70"),$R15,0)),OFFSET(INDIRECT("'"&'DATA for charts'!E$5&"'!$c70"),$R15,0),"") -> 2.619 | F15: =IF(ISNUMBER(OFFSET(INDIRECT("'"&'DATA for charts'!F$5&"'!$c70"),$R15,0)),OFFSET(INDIRECT("'"&'DATA for charts'!F$5&"'!$c70"),$R15,0),"") -> 2.6618442 | G15: =IF(ISNUMBER(OFFSET(INDIRECT("'"&'DATA for charts'!G$5&"'!$c70"),$R15,0)),OFFSET(INDIRECT("'"&'DATA for charts'!G$5&"'!$c70"),$R15,0),"") -> 2.6544 | H15: =IF(ISNUMBER(OFFSET(INDIRECT("'"&'DATA for charts'!H$5&"'!$c70"),$R15,0)),OFFSET(INDIRECT("'"&'DATA for charts'!H$5&"'!$c70"),$R15,0),"") -> 2.65275 | I15: =MIN(C15:H15) -> 2.4032419 | J15: =MAX(C15:H15) -> 2.682 | K15: =AVERAGE(C15:H15) -> 2.612206 | L15: =ABS((J15-I15)/K15) -> 0.10671369 | N15: =IF(ISNUMBER(YourData!$C74),YourData!$C74,"") | Q15: 4 | R15: =R14+1 -> 4
B16: 650 Case 600 with Night Ventilation | C16: =IF(ISNUMBER(OFFSET(INDIRECT("'"&'DATA for charts'!C$5&"'!$c70"),$R16,0)),OFFSET(INDIRECT("'"&'DATA for charts'!C$5&"'!$c70"),$R16,0),"") -> 0 | D16: =IF(ISNUMBER(OFFSET(INDIRECT("'"&'DATA for charts'!D$5&"'!$c70"),$R16,0)),OFFSET(INDIRECT("'"&'DATA for charts'!D$5&"'!$c70"),$R16,0),"") -> 0 | E16: =IF(ISNUMBER(OFFSET(INDIRECT("'"&'DATA for charts'!E$5&"'!$c70"),$R16,0)),OFFSET(INDIRECT("'"&'DATA for charts'!E$5&"'!$c70"),$R16,0),"") -> 0 | F16: =IF(ISNUMBER(OFFSET(INDIRECT("'"&'DATA for charts'!F$5&"'!$c70"),$R16,0)),OFFSET(INDIRECT("'"&'DATA for charts'!F$5&"'!$c70"),$R16,0),"") -> 0 | G16: =IF(ISNUMBER(OFFSET(INDIRECT("'"&'DATA for charts'!G$5&"'!$c70"),$R16,0)),OFFSET(INDIRECT("'"&'DATA for charts'!G$5&"'!$c70"),$R16,0),"") -> 0 | H16: =IF(ISNUMBER(OFFSET(INDIRECT("'"&'DATA for charts'!H$5&"'!$c70"),$R16,0)),OFFSET(INDIRECT("'"&'DATA for charts'!H$5&"'!$c70"),$R16,0),"") -> 0 | I16: =MIN(C16:H16) -> 0 | J16: =MAX(C16:H16) -> 0 | K16: =AVERAGE(C16:H16) -> 0 | L16: ---- | N16: =IF(ISNUMBER(YourData!$C75),YourData!$C75,"") | Q16: 5 | R16: =R15+1 -> 5
B17: 660 Low-E Windows | C17: =IF(ISNUMBER(OFFSET(INDIRECT("'"&'DATA for charts'!C$5&"'!$c70"),$R17,0)),OFFSET(INDIRECT("'"&'DATA for charts'!C$5&"'!$c70"),$R17,0),"") -> 3.574 | D17: =IF(ISNUMBER(OFFSET(INDIRECT("'"&'DATA for charts'!D$5&"'!$c70"),$R17,0)),OFFSET(INDIRECT("'"&'DATA for charts'!D$5&"'!$c70"),$R17,0),"") -> 3.6019588 | E17: =IF(ISNUMBER(OFFSET(INDIRECT("'"&'DATA for charts'!E$5&"'!$c70"),$R17,0)),OFFSET(INDIRECT("'"&'DATA for charts'!E$5&"'!$c70"),$R17,0),"") -> 3.821 | F17: =IF(ISNUMBER(OFFSET(INDIRECT("'"&'DATA for charts'!F$5&"'!$c70"),$R17,0)),OFFSET(INDIRECT("'"&'DATA for charts'!F$5&"'!$c70"),$R17,0),"") -> 3.7067372 | G17: =IF(ISNUMBER(OFFSET(INDIRECT("'"&'DATA for charts'!G$5&"'!$c70"),$R17,0)),OFFSET(INDIRECT("'"&'DATA for charts'!G$5&"'!$c70"),$R17,0),"") -> 3.787 | H17: =IF(ISNUMBER(OFFSET(INDIRECT("'"&'DATA for charts'!H$5&"'!$c70"),$R17,0)),OFFSET(INDIRECT("'"&'DATA for charts'!H$5&"'!$c70"),$R17,0),"") -> 3.78966 | I17: =MIN(C17:H17) -> 3.574 | J17: =MAX(C17:H17) -> 3.821 | K17: =AVERAGE(C17:H17) -> 3.7133927 | L17: =ABS((J17-I17)/K17) -> 0.066515993 | N17: =IF(ISNUMBER(YourData!$C76),YourData!$C76,"") | R17: =R16+1 -> 6
B18: 670 Single-Pane Windows | C18: =IF(ISNUMBER(OFFSET(INDIRECT("'"&'DATA for charts'!C$5&"'!$c70"),$R18,0)),OFFSET(INDIRECT("'"&'DATA for charts'!C$5&"'!$c70"),$R18,0),"") -> 5.484 | D18: =IF(ISNUMBER(OFFSET(INDIRECT("'"&'DATA for charts'!D$5&"'!$c70"),$R18,0)),OFFSET(INDIRECT("'"&'DATA for charts'!D$5&"'!$c70"),$R18,0),"") -> 5.3001782 | E18: =IF(ISNUMBER(OFFSET(INDIRECT("'"&'DATA for charts'!E$5&"'!$c70"),$R18,0)),OFFSET(INDIRECT("'"&'DATA for charts'!E$5&"'!$c70"),$R18,0),"") -> 5.573 | F18: =IF(ISNUMBER(OFFSET(INDIRECT("'"&'DATA for charts'!F$5&"'!$c70"),$R18,0)),OFFSET(INDIRECT("'"&'DATA for charts'!F$5&"'!$c70"),$R18,0),"") -> 5.616125 | G18: =IF(ISNUMBER(OFFSET(INDIRECT("'"&'DATA for charts'!G$5&"'!$c70"),$R18,0)),OFFSET(INDIRECT("'"&'DATA for charts'!G$5&"'!$c70"),$R18,0),"") -> 5.975 | H18: =IF(ISNUMBER(OFFSET(INDIRECT("'"&'DATA for charts'!H$5&"'!$c70"),$R18,0)),OFFSET(INDIRECT("'"&'DATA for charts'!H$5&"'!$c70"),$R18,0),"") -> 6.13987 | I18: =MIN(C18:H18) -> 5.3001782 | J18: =MAX(C18:H18) -> 6.13987 | K18: =AVERAGE(C18:H18) -> 5.6813622 | L18: =ABS((J18-I18)/K18) -> 0.14779762 | N18: =IF(ISNUMBER(YourData!$C77),YourData!$C77,"") | R18: =R17+1 -> 7
B19: 680 Case 600 with Increased Insulation | C19: =IF(ISNUMBER(OFFSET(INDIRECT("'"&'DATA for charts'!C$5&"'!$c70"),$R19,0)),OFFSET(INDIRECT("'"&'DATA for charts'!C$5&"'!$c70"),$R19,0),"") -> 2.219 | D19: =IF(ISNUMBER(OFFSET(INDIRECT("'"&'DATA for charts'!D$5&"'!$c70"),$R19,0)),OFFSET(INDIRECT("'"&'DATA for charts'!D$5&"'!$c70"),$R19,0),"") -> 1.7861018 | E19: =IF(ISNUMBER(OFFSET(INDIRECT("'"&'DATA for charts'!E$5&"'!$c70"),$R19,0)),OFFSET(INDIRECT("'"&'DATA for charts'!E$5&"'!$c70"),$R19,0),"") -> 1.732 | F19: =IF(ISNUMBER(OFFSET(INDIRECT("'"&'DATA for charts'!F$5&"'!$c70"),$R19,0)),OFFSET(INDIRECT("'"&'DATA for charts'!F$5&"'!$c70"),$R19,0),"") -> 2.1796676 | G19: =IF(ISNUMBER(OFFSET(INDIRECT("'"&'DATA for charts'!G$5&"'!$c70"),$R19,0)),OFFSET(INDIRECT("'"&'DATA for charts'!G$5&"'!$c70"),$R19,0),"") -> 2.1321 | H19: =IF(ISNUMBER(OFFSET(INDIRECT("'"&'DATA for charts'!H$5&"'!$c70"),$R19,0)),OFFSET(INDIRECT("'"&'DATA for charts'!H$5&"'!$c70"),$R19,0),"") -> 2.28626 | I19: =MIN(C19:H19) -> 1.732 | J19: =MAX(C19:H19) -> 2.28626 | K19: =AVERAGE(C19:H19) -> 2.0558549 | L19: =ABS((J19-I19)/K19) -> 0.26960074 | N19: =IF(ISNUMBER(YourData!$C78),YourData!$C78,"") | R19: =R18+1 -> 8
B20: 685 Case 600 with "20/20" Thermostat | C20: =IF(ISNUMBER(OFFSET(INDIRECT("'"&'DATA for charts'!C$5&"'!$c70"),$R20,0)),OFFSET(INDIRECT("'"&'DATA for charts'!C$5&"'!$c70"),$R20,0),"") -> 4.532 | D20: =IF(ISNUMBER(OFFSET(INDIRECT("'"&'DATA for charts'!D$5&"'!$c70"),$R20,0)),OFFSET(INDIRECT("'"&'DATA for charts'!D$5&"'!$c70"),$R20,0),"") -> 4.5744279 | E20: =IF(ISNUMBER(OFFSET(INDIRECT("'"&'DATA for charts'!E$5&"'!$c70"),$R20,0)),OFFSET(INDIRECT("'"&'DATA for charts'!E$5&"'!$c70"),$R20,0),"") -> 4.646 | F20: =IF(ISNUMBER(OFFSET(INDIRECT("'"&'DATA for charts'!F$5&"'!$c70"),$R20,0)),OFFSET(INDIRECT("'"&'DATA for charts'!F$5&"'!$c70"),$R20,0),"") -> 4.87712 | G20: =IF(ISNUMBER(OFFSET(INDIRECT("'"&'DATA for charts'!G$5&"'!$c70"),$R20,0)),OFFSET(INDIRECT("'"&'DATA for charts'!G$5&"'!$c70"),$R20,0),"") -> 4.9035 | H20: =IF(ISNUMBER(OFFSET(INDIRECT("'"&'DATA for charts'!H$5&"'!$c70"),$R20,0)),OFFSET(INDIRECT("'"&'DATA for charts'!H$5&"'!$c70"),$R20,0),"") -> 5.04217 | I20: =MIN(C20:H20) -> 4.532 | J20: =MAX(C20:H20) -> 5.04217 | K20: =AVERAGE(C20:H20) -> 4.7625363 | L20: =ABS((J20-I20)/K20) -> 0.10712149 | N20: =IF(ISNUMBER(YourData!$C79),YourData!$C79,"") | R20: =R19+1 -> 9
B21: 695 Case 685 with Increased Insulation | C21: =IF(ISNUMBER(OFFSET(INDIRECT("'"&'DATA for charts'!C$5&"'!$c70"),$R21,0)),OFFSET(INDIRECT("'"&'DATA for charts'!C$5&"'!$c70"),$R21,0),"") -> 2.709 | D21: =IF(ISNUMBER(OFFSET(INDIRECT("'"&'DATA for charts'!D$5&"'!$c70"),$R21,0)),OFFSET(INDIRECT("'"&'DATA for charts'!D$5&"'!$c70"),$R21,0),"") -> 2.4152635 | E21: =IF(ISNUMBER(OFFSET(INDIRECT("'"&'DATA for charts'!E$5&"'!$c70"),$R21,0)),OFFSET(INDIRECT("'"&'DATA for charts'!E$5&"'!$c70"),$R21,0),"") -> 2.385 | F21: =IF(ISNUMBER(OFFSET(INDIRECT("'"&'DATA for charts'!F$5&"'!$c70"),$R21,0)),OFFSET(INDIRECT("'"&'DATA for charts'!F$5&"'!$c70"),$R21,0),"") -> 2.8018968 | G21: =IF(ISNUMBER(OFFSET(INDIRECT("'"&'DATA for charts'!G$5&"'!$c70"),$R21,0)),OFFSET(INDIRECT("'"&'DATA for charts'!G$5&"'!$c70"),$R21,0),"") -> 2.7321 | H21: =IF(ISNUMBER(OFFSET(INDIRECT("'"&'DATA for charts'!H$5&"'!$c70"),$R21,0)),OFFSET(INDIRECT("'"&'DATA for charts'!H$5&"'!$c70"),$R21,0),"") -> 2.89174 | I21: =MIN(C21:H21) -> 2.385 | J21: =MAX(C21:H21) -> 2.89174 | K21: =AVERAGE(C21:H21) -> 2.6558334 | L21: =ABS((J21-I21)/K21) -> 0.19080263 | N21: =IF(ISNUMBER(YourData!$C80),YourData!$C80,"") | R21: =R20+1 -> 10
B22: 900 South Windows | C22: =IF(ISNUMBER(OFFSET(INDIRECT("'"&'DATA for charts'!C$5&"'!$c70"),$R22,0)),OFFSET(INDIRECT("'"&'DATA for charts'!C$5&"'!$c70"),$R22,0),"") -> 1.726 | D22: =IF(ISNUMBER(OFFSET(INDIRECT("'"&'DATA for charts'!D$5&"'!$c70"),$R22,0)),OFFSET(INDIRECT("'"&'DATA for charts'!D$5&"'!$c70"),$R22,0),"") -> 1.3788913 | E22: =IF(ISNUMBER(OFFSET(INDIRECT("'"&'DATA for charts'!E$5&"'!$c70"),$R22,0)),OFFSET(INDIRECT("'"&'DATA for charts'!E$5&"'!$c70"),$R22,0),"") -> 1.591 | F22: =IF(ISNUMBER(OFFSET(INDIRECT("'"&'DATA for charts'!F$5&"'!$c70"),$R22,0)),OFFSET(INDIRECT("'"&'DATA for charts'!F$5&"'!$c70"),$R22,0),"") -> 1.6636867 | G22: =IF(ISNUMBER(OFFSET(INDIRECT("'"&'DATA for charts'!G$5&"'!$c70"),$R22,0)),OFFSET(INDIRECT("'"&'DATA for charts'!G$5&"'!$c70"),$R22,0),"") -> 1.5847 | H22: =IF(ISNUMBER(OFFSET(INDIRECT("'"&'DATA for charts'!H$5&"'!$c70"),$R22,0)),OFFSET(INDIRECT("'"&'DATA for charts'!H$5&"'!$c70"),$R22,0),"") -> 1.81403 | I22: =MIN(C22:H22) -> 1.3788913 | J22: =MAX(C22:H22) -> 1.81403 | K22: =AVERAGE(C22:H22) -> 1.6263847 | L22: =ABS((J22-I22)/K22) -> 0.26754969 | N22: =IF(ISNUMBER(YourData!$C81),YourData!$C81,"") | Q22: 6 | R22: =R21+1 -> 11
B23: 910 S. Windows + Overhang | C23: =IF(ISNUMBER(OFFSET(INDIRECT("'"&'DATA for charts'!C$5&"'!$c70"),$R23,0)),OFFSET(INDIRECT("'"&'DATA for charts'!C$5&"'!$c70"),$R23,0),"") -> 2.163 | D23: =IF(ISNUMBER(OFFSET(INDIRECT("'"&'DATA for charts'!D$5&"'!$c70"),$R23,0)),OFFSET(INDIRECT("'"&'DATA for charts'!D$5&"'!$c70"),$R23,0),"") -> 1.6476823 | E23: =IF(ISNUMBER(OFFSET(INDIRECT("'"&'DATA for charts'!E$5&"'!$c70"),$R23,0)),OFFSET(INDIRECT("'"&'DATA for charts'!E$5&"'!$c70"),$R23,0),"") -> 1.86 | F23: =IF(ISNUMBER(OFFSET(INDIRECT("'"&'DATA for charts'!F$5&"'!$c70"),$R23,0)),OFFSET(INDIRECT("'"&'DATA for charts'!F$5&"'!$c70"),$R23,0),"") -> 1.9557369 | G23: =IF(ISNUMBER(OFFSET(INDIRECT("'"&'DATA for charts'!G$5&"'!$c70"),$R23,0)),OFFSET(INDIRECT("'"&'DATA for charts'!G$5&"'!$c70"),$R23,0),"") -> 2.0672 | H23: =IF(ISNUMBER(OFFSET(INDIRECT("'"&'DATA for charts'!H$5&"'!$c70"),$R23,0)),OFFSET(INDIRECT("'"&'DATA for charts'!H$5&"'!$c70"),$R23,0),"") -> 2.13179 | I23: =MIN(C23:H23) -> 1.6476823 | J23: =MAX(C23:H23) -> 2.163 | K23: =AVERAGE(C23:H23) -> 1.9709015 | L23: =ABS((J23-I23)/K23) -> 0.26146291 | N23: =IF(ISNUMBER(YourData!$C82),YourData!$C82,"") | Q23: 7 | R23: =R22+1 -> 12
B24: 920 East & West Windows | C24: =IF(ISNUMBER(OFFSET(INDIRECT("'"&'DATA for charts'!C$5&"'!$c70"),$R24,0)),OFFSET(INDIRECT("'"&'DATA for charts'!C$5&"'!$c70"),$R24,0),"") -> 3.5 | D24: =IF(ISNUMBER(OFFSET(INDIRECT("'"&'DATA for charts'!D$5&"'!$c70"),$R24,0)),OFFSET(INDIRECT("'"&'DATA for charts'!D$5&"'!$c70"),$R24,0),"") -> 2.9560685 | E24: =IF(ISNUMBER(OFFSET(INDIRECT("'"&'DATA for charts'!E$5&"'!$c70"),$R24,0)),OFFSET(INDIRECT("'"&'DATA for charts'!E$5&"'!$c70"),$R24,0),"") -> 3.259 | F24: =IF(ISNUMBER(OFFSET(INDIRECT("'"&'DATA for charts'!F$5&"'!$c70"),$R24,0)),OFFSET(INDIRECT("'"&'DATA for charts'!F$5&"'!$c70"),$R24,0),"") -> 3.3365101 | G24: =IF(ISNUMBER(OFFSET(INDIRECT("'"&'DATA for charts'!G$5&"'!$c70"),$R24,0)),OFFSET(INDIRECT("'"&'DATA for charts'!G$5&"'!$c70"),$R24,0),"") -> 3.2997 | H24: =IF(ISNUMBER(OFFSET(INDIRECT("'"&'DATA for charts'!H$5&"'!$c70"),$R24,0)),OFFSET(INDIRECT("'"&'DATA for charts'!H$5&"'!$c70"),$R24,0),"") -> 3.6067 | I24: =MIN(C24:H24) -> 2.9560685 | J24: =MAX(C24:H24) -> 3.6067 | K24: =AVERAGE(C24:H24) -> 3.3263298 | L24: =ABS((J24-I24)/K24) -> 0.19560042 | N24: =IF(ISNUMBER(YourData!$C83),YourData!$C83,"") | Q24: 8 | R24: =R23+1 -> 13
B25: 930 E&W Windows + Overhang & Fins | C25: =IF(ISNUMBER(OFFSET(INDIRECT("'"&'DATA for charts'!C$5&"'!$c70"),$R25,0)),OFFSET(INDIRECT("'"&'DATA for charts'!C$5&"'!$c70"),$R25,0),"") -> 4.27 | D25: =IF(ISNUMBER(OFFSET(INDIRECT("'"&'DATA for charts'!D$5&"'!$c70"),$R25,0)),OFFSET(INDIRECT("'"&'DATA for charts'!D$5&"'!$c70"),$R25,0),"") -> 3.5236475 | E25: =IF(ISNUMBER(OFFSET(INDIRECT("'"&'DATA for charts'!E$5&"'!$c70"),$R25,0)),OFFSET(INDIRECT("'"&'DATA for charts'!E$5&"'!$c70"),$R25,0),"") -> 3.933 | F25: =IF(ISNUMBER(OFFSET(INDIRECT("'"&'DATA for charts'!F$5&"'!$c70"),$R25,0)),OFFSET(INDIRECT("'"&'DATA for charts'!F$5&"'!$c70"),$R25,0),"") -> 3.9938127 | G25: =IF(ISNUMBER(OFFSET(INDIRECT("'"&'DATA for charts'!G$5&"'!$c70"),$R25,0)),OFFSET(INDIRECT("'"&'DATA for charts'!G$5&"'!$c70"),$R25,0),"") -> 4.2776 | H25: =IF(ISNUMBER(OFFSET(INDIRECT("'"&'DATA for charts'!H$5&"'!$c70"),$R25,0)),OFFSET(INDIRECT("'"&'DATA for charts'!H$5&"'!$c70"),$R25,0),"") -> 4.3841 | I25: =MIN(C25:H25) -> 3.5236475 | J25: =MAX(C25:H25) -> 4.3841 | K25: =AVERAGE(C25:H25) -> 4.0636934 | L25: =ABS((J25-I25)/K25) -> 0.2117415 | N25: =IF(ISNUMBER(YourData!$C84),YourData!$C84,"") | Q25: 9 | R25: =R24+1 -> 14
B26: 940 Case 900 with Htg Temp. Setback | C26: =IF(ISNUMBER(OFFSET(INDIRECT("'"&'DATA for charts'!C$5&"'!$c70"),$R26,0)),OFFSET(INDIRECT("'"&'DATA for charts'!C$5&"'!$c70"),$R26,0),"") -> 1.389 | D26: =IF(ISNUMBER(OFFSET(INDIRECT("'"&'DATA for charts'!D$5&"'!$c70"),$R26,0)),OFFSET(INDIRECT("'"&'DATA for charts'!D$5&"'!$c70"),$R26,0),"") -> 0.86323595 | E26: =IF(ISNUMBER(OFFSET(INDIRECT("'"&'DATA for charts'!E$5&"'!$c70"),$R26,0)),OFFSET(INDIRECT("'"&'DATA for charts'!E$5&"'!$c70"),$R26,0),"") -> 1.149 | F26: =IF(ISNUMBER(OFFSET(INDIRECT("'"&'DATA for charts'!F$5&"'!$c70"),$R26,0)),OFFSET(INDIRECT("'"&'DATA for charts'!F$5&"'!$c70"),$R26,0),"") -> 1.0673847 | G26: =IF(ISNUMBER(OFFSET(INDIRECT("'"&'DATA for charts'!G$5&"'!$c70"),$R26,0)),OFFSET(INDIRECT("'"&'DATA for charts'!G$5&"'!$c70"),$R26,0),"") -> 1.0147 | H26: =IF(ISNUMBER(OFFSET(INDIRECT("'"&'DATA for charts'!H$5&"'!$c70"),$R26,0)),OFFSET(INDIRECT("'"&'DATA for charts'!H$5&"'!$c70"),$R26,0),"") -> 1.16913 | I26: =MIN(C26:H26) -> 0.86323595 | J26: =MAX(C26:H26) -> 1.389 | K26: =AVERAGE(C26:H26) -> 1.1087418 | L26: =ABS((J26-I26)/K26) -> 0.47419883 | N26: =IF(ISNUMBER(YourData!$C85),YourData!$C85,"") | Q26: 10 | R26: =R25+1 -> 15
B27: 950 Case 900 with Night Ventilation | C27: =IF(ISNUMBER(OFFSET(INDIRECT("'"&'DATA for charts'!C$5&"'!$c70"),$R27,0)),OFFSET(INDIRECT("'"&'DATA for charts'!C$5&"'!$c70"),$R27,0),"") -> 0 | D27: =IF(ISNUMBER(OFFSET(INDIRECT("'"&'DATA for charts'!D$5&"'!$c70"),$R27,0)),OFFSET(INDIRECT("'"&'DATA for charts'!D$5&"'!$c70"),$R27,0),"") -> 0 | E27: =IF(ISNUMBER(OFFSET(INDIRECT("'"&'DATA for charts'!E$5&"'!$c70"),$R27,0)),OFFSET(INDIRECT("'"&'DATA for charts'!E$5&"'!$c70"),$R27,0),"") -> 0 | F27: =IF(ISNUMBER(OFFSET(INDIRECT("'"&'DATA for charts'!F$5&"'!$c70"),$R27,0)),OFFSET(INDIRECT("'"&'DATA for charts'!F$5&"'!$c70"),$R27,0),"") -> 0 | G27: =IF(ISNUMBER(OFFSET(INDIRECT("'"&'DATA for charts'!G$5&"'!$c70"),$R27,0)),OFFSET(INDIRECT("'"&'DATA for charts'!G$5&"'!$c70"),$R27,0),"") -> 0 | H27: =IF(ISNUMBER(OFFSET(INDIRECT("'"&'DATA for charts'!H$5&"'!$c70"),$R27,0)),OFFSET(INDIRECT("'"&'DATA for charts'!H$5&"'!$c70"),$R27,0),"") -> 0 | I27: =MIN(C27:H27) -> 0 | J27: =MAX(C27:H27) -> 0 | K27: =AVERAGE(C27:H27) -> 0 | L27: ---- | N27: =IF(ISNUMBER(YourData!$C86),YourData!$C86,"") | Q27: 11 | R27: =R26+1 -> 16
B28: 960 Sunspace | C28: =IF(ISNUMBER(OFFSET(INDIRECT("'"&'DATA for charts'!C$5&"'!$c70"),$R28,0)),OFFSET(INDIRECT("'"&'DATA for charts'!C$5&"'!$c70"),$R28,0),"") | D28: =IF(ISNUMBER(OFFSET(INDIRECT("'"&'DATA for charts'!D$5&"'!$c70"),$R28,0)),OFFSET(INDIRECT("'"&'DATA for charts'!D$5&"'!$c70"),$R28,0),"") -> 2.522072 | E28: =IF(ISNUMBER(OFFSET(INDIRECT("'"&'DATA for charts'!E$5&"'!$c70"),$R28,0)),OFFSET(INDIRECT("'"&'DATA for charts'!E$5&"'!$c70"),$R28,0),"") -> 2.771 | F28: =IF(ISNUMBER(OFFSET(INDIRECT("'"&'DATA for charts'!F$5&"'!$c70"),$R28,0)),OFFSET(INDIRECT("'"&'DATA for charts'!F$5&"'!$c70"),$R28,0),"") -> 2.6890439 | G28: =IF(ISNUMBER(OFFSET(INDIRECT("'"&'DATA for charts'!G$5&"'!$c70"),$R28,0)),OFFSET(INDIRECT("'"&'DATA for charts'!G$5&"'!$c70"),$R28,0),"") -> 2.6239 | H28: =IF(ISNUMBER(OFFSET(INDIRECT("'"&'DATA for charts'!H$5&"'!$c70"),$R28,0)),OFFSET(INDIRECT("'"&'DATA for charts'!H$5&"'!$c70"),$R28,0),"") -> 2.85954 | I28: =MIN(C28:H28) -> 2.522072 | J28: =MAX(C28:H28) -> 2.85954 | K28: =AVERAGE(C28:H28) -> 2.6931112 | L28: =ABS((J28-I28)/K28) -> 0.12530786 | N28: =IF(ISNUMBER(YourData!$C87),YourData!$C87,"") | Q28: 12 | R28: =R27+1 -> 17
B29: 980 Case 900 with Increased Insulation | C29: =IF(ISNUMBER(OFFSET(INDIRECT("'"&'DATA for charts'!C$5&"'!$c70"),$R29,0)),OFFSET(INDIRECT("'"&'DATA for charts'!C$5&"'!$c70"),$R29,0),"") -> 0.72 | D29: =IF(ISNUMBER(OFFSET(INDIRECT("'"&'DATA for charts'!D$5&"'!$c70"),$R29,0)),OFFSET(INDIRECT("'"&'DATA for charts'!D$5&"'!$c70"),$R29,0),"") -> 0.2457661 | E29: =IF(ISNUMBER(OFFSET(INDIRECT("'"&'DATA for charts'!E$5&"'!$c70"),$R29,0)),OFFSET(INDIRECT("'"&'DATA for charts'!E$5&"'!$c70"),$R29,0),"") -> 0.266 | F29: =IF(ISNUMBER(OFFSET(INDIRECT("'"&'DATA for charts'!F$5&"'!$c70"),$R29,0)),OFFSET(INDIRECT("'"&'DATA for charts'!F$5&"'!$c70"),$R29,0),"") -> 0.4109414 | G29: =IF(ISNUMBER(OFFSET(INDIRECT("'"&'DATA for charts'!G$5&"'!$c70"),$R29,0)),OFFSET(INDIRECT("'"&'DATA for charts'!G$5&"'!$c70"),$R29,0),"") -> 0.3511 | H29: =IF(ISNUMBER(OFFSET(INDIRECT("'"&'DATA for charts'!H$5&"'!$c70"),$R29,0)),OFFSET(INDIRECT("'"&'DATA for charts'!H$5&"'!$c70"),$R29,0),"") -> 0.450471 | I29: =MIN(C29:H29) -> 0.2457661 | J29: =MAX(C29:H29) -> 0.72 | K29: =AVERAGE(C29:H29) -> 0.40737975 | L29: =ABS((J29-I29)/K29) -> 1.1641077 | N29: =IF(ISNUMBER(YourData!$C88),YourData!$C88,"") | R29: =R28+1 -> 18
B30: 985 Case 900 with "20/20" Thermostat | C30: =IF(ISNUMBER(OFFSET(INDIRECT("'"&'DATA for charts'!C$5&"'!$c70"),$R30,0)),OFFSET(INDIRECT("'"&'DATA for charts'!C$5&"'!$c70"),$R30,0),"") -> 2.801 | D30: =IF(ISNUMBER(OFFSET(INDIRECT("'"&'DATA for charts'!D$5&"'!$c70"),$R30,0)),OFFSET(INDIRECT("'"&'DATA for charts'!D$5&"'!$c70"),$R30,0),"") -> 2.1202101 | E30: =IF(ISNUMBER(OFFSET(INDIRECT("'"&'DATA for charts'!E$5&"'!$c70"),$R30,0)),OFFSET(INDIRECT("'"&'DATA for charts'!E$5&"'!$c70"),$R30,0),"") -> 2.279 | F30: =IF(ISNUMBER(OFFSET(INDIRECT("'"&'DATA for charts'!F$5&"'!$c70"),$R30,0)),OFFSET(INDIRECT("'"&'DATA for charts'!F$5&"'!$c70"),$R30,0),"") -> 2.3693191 | G30: =IF(ISNUMBER(OFFSET(INDIRECT("'"&'DATA for charts'!G$5&"'!$c70"),$R30,0)),OFFSET(INDIRECT("'"&'DATA for charts'!G$5&"'!$c70"),$R30,0),"") -> 2.2833 | H30: =IF(ISNUMBER(OFFSET(INDIRECT("'"&'DATA for charts'!H$5&"'!$c70"),$R30,0)),OFFSET(INDIRECT("'"&'DATA for charts'!H$5&"'!$c70"),$R30,0),"") -> 2.53641 | I30: =MIN(C30:H30) -> 2.1202101 | J30: =MAX(C30:H30) -> 2.801 | K30: =AVERAGE(C30:H30) -> 2.3982065 | L30: =ABS((J30-I30)/K30) -> 0.28387458 | N30: =IF(ISNUMBER(YourData!$C89),YourData!$C89,"") | R30: =R29+1 -> 19
B31: 995 Case 985 with Increased Insulation | C31: =IF(ISNUMBER(OFFSET(INDIRECT("'"&'DATA for charts'!C$5&"'!$c70"),$R31,0)),OFFSET(INDIRECT("'"&'DATA for charts'!C$5&"'!$c70"),$R31,0),"") -> 1.33 | D31: =IF(ISNUMBER(OFFSET(INDIRECT("'"&'DATA for charts'!D$5&"'!$c70"),$R31,0)),OFFSET(INDIRECT("'"&'DATA for charts'!D$5&"'!$c70"),$R31,0),"") -> 0.75518159 | E31: =IF(ISNUMBER(OFFSET(INDIRECT("'"&'DATA for charts'!E$5&"'!$c70"),$R31,0)),OFFSET(INDIRECT("'"&'DATA for charts'!E$5&"'!$c70"),$R31,0),"") -> 0.77 | F31: =IF(ISNUMBER(OFFSET(INDIRECT("'"&'DATA for charts'!F$5&"'!$c70"),$R31,0)),OFFSET(INDIRECT("'"&'DATA for charts'!F$5&"'!$c70"),$R31,0),"") -> 1.0064884 | G31: =IF(ISNUMBER(OFFSET(INDIRECT("'"&'DATA for charts'!G$5&"'!$c70"),$R31,0)),OFFSET(INDIRECT("'"&'DATA for charts'!G$5&"'!$c70"),$R31,0),"") -> 0.9048 | H31: =IF(ISNUMBER(OFFSET(INDIRECT("'"&'DATA for charts'!H$5&"'!$c70"),$R31,0)),OFFSET(INDIRECT("'"&'DATA for charts'!H$5&"'!$c70"),$R31,0),"") -> 1.07704 | I31: =MIN(C31:H31) -> 0.75518159 | J31: =MAX(C31:H31) -> 1.33 | K31: =AVERAGE(C31:H31) -> 0.97391833 | L31: =ABS((J31-I31)/K31) -> 0.59021213 | N31: =IF(ISNUMBER(YourData!$C90),YourData!$C90,"") | R31: =R30+1 -> 20
B32: 195 Solid Conduction | C32: =IF(ISNUMBER(OFFSET(INDIRECT("'"&'DATA for charts'!C$5&"'!$c70"),$R32,0)),OFFSET(INDIRECT("'"&'DATA for charts'!C$5&"'!$c70"),$R32,0),"") -> 4.217 | D32: =IF(ISNUMBER(OFFSET(INDIRECT("'"&'DATA for charts'!D$5&"'!$c70"),$R32,0)),OFFSET(INDIRECT("'"&'DATA for charts'!D$5&"'!$c70"),$R32,0),"") -> 3.9900793 | E32: =IF(ISNUMBER(OFFSET(INDIRECT("'"&'DATA for charts'!E$5&"'!$c70"),$R32,0)),OFFSET(INDIRECT("'"&'DATA for charts'!E$5&"'!$c70"),$R32,0),"") -> 4.157 | F32: =IF(ISNUMBER(OFFSET(INDIRECT("'"&'DATA for charts'!F$5&"'!$c70"),$R32,0)),OFFSET(INDIRECT("'"&'DATA for charts'!F$5&"'!$c70"),$R32,0),"") -> 4.0696082 | G32: =IF(ISNUMBER(OFFSET(INDIRECT("'"&'DATA for charts'!G$5&"'!$c70"),$R32,0)),OFFSET(INDIRECT("'"&'DATA for charts'!G$5&"'!$c70"),$R32,0),"") -> 3.9509 | H32: =IF(ISNUMBER(OFFSET(INDIRECT("'"&'DATA for charts'!H$5&"'!$c70"),$R32,0)),OFFSET(INDIRECT("'"&'DATA for charts'!H$5&"'!$c70"),$R32,0),"") -> 4.09394 | I32: =MIN(C32:H32) -> 3.9509 | J32: =MAX(C32:H32) -> 4.217 | K32: =AVERAGE(C32:H32) -> 4.0797546 | L32: =ABS((J32-I32)/K32) -> 0.065224512 | N32: =IF(ISNUMBER(YourData!$C91),YourData!$C91,"") | Q32: 13 | R32: =R31+1 -> 21
B33: 200 Surface Convection (Int & Ext IR="off") | C33: =IF(ISNUMBER(OFFSET(INDIRECT("'"&'DATA for charts'!C$5&"'!$c70"),$R33,0)),OFFSET(INDIRECT("'"&'DATA for charts'!C$5&"'!$c70"),$R33,0),"") -> 5.041 | D33: =IF(ISNUMBER(OFFSET(INDIRECT("'"&'DATA for charts'!D$5&"'!$c70"),$R33,0)),OFFSET(INDIRECT("'"&'DATA for charts'!D$5&"'!$c70"),$R33,0),"") -> 4.8134514 | E33: =IF(ISNUMBER(OFFSET(INDIRECT("'"&'DATA for charts'!E$5&"'!$c70"),$R33,0)),OFFSET(INDIRECT("'"&'DATA for charts'!E$5&"'!$c70"),$R33,0),"") -> 5.226 | F33: =IF(ISNUMBER(OFFSET(INDIRECT("'"&'DATA for charts'!F$5&"'!$c70"),$R33,0)),OFFSET(INDIRECT("'"&'DATA for charts'!F$5&"'!$c70"),$R33,0),"") -> 5.1053835 | G33: =IF(ISNUMBER(OFFSET(INDIRECT("'"&'DATA for charts'!G$5&"'!$c70"),$R33,0)),OFFSET(INDIRECT("'"&'DATA for charts'!G$5&"'!$c70"),$R33,0),"") -> 4.9204 | H33: =IF(ISNUMBER(OFFSET(INDIRECT("'"&'DATA for charts'!H$5&"'!$c70"),$R33,0)),OFFSET(INDIRECT("'"&'DATA for charts'!H$5&"'!$c70"),$R33,0),"") -> 5.14288 | I33: =MIN(C33:H33) -> 4.8134514 | J33: =MAX(C33:H33) -> 5.226 | K33: =AVERAGE(C33:H33) -> 5.0415191 | L33: =ABS((J33-I33)/K33) -> 0.081830225 | N33: =IF(ISNUMBER(YourData!$C92),YourData!$C92,"") | Q33: 14 | R33: =R32+1 -> 22
B34: 210 Infrared Radiation (Int IR="off", Ext IR="on") | C34: =IF(ISNUMBER(OFFSET(INDIRECT("'"&'DATA for charts'!C$5&"'!$c70"),$R34,0)),OFFSET(INDIRECT("'"&'DATA for charts'!C$5&"'!$c70"),$R34,0),"") -> 5.627 | D34: =IF(ISNUMBER(OFFSET(INDIRECT("'"&'DATA for charts'!D$5&"'!$c70"),$R34,0)),OFFSET(INDIRECT("'"&'DATA for charts'!D$5&"'!$c70"),$R34,0),"") -> 5.9663174 | E34: =IF(ISNUMBER(OFFSET(INDIRECT("'"&'DATA for charts'!E$5&"'!$c70"),$R34,0)),OFFSET(INDIRECT("'"&'DATA for charts'!E$5&"'!$c70"),$R34,0),"") -> 6.531 | F34: =IF(ISNUMBER(OFFSET(INDIRECT("'"&'DATA for charts'!F$5&"'!$c70"),$R34,0)),OFFSET(INDIRECT("'"&'DATA for charts'!F$5&"'!$c70"),$R34,0),"") -> 6.046563 | G34: =IF(ISNUMBER(OFFSET(INDIRECT("'"&'DATA for charts'!G$5&"'!$c70"),$R34,0)),OFFSET(INDIRECT("'"&'DATA for charts'!G$5&"'!$c70"),$R34,0),"") -> 6.3171 | H34: =IF(ISNUMBER(OFFSET(INDIRECT("'"&'DATA for charts'!H$5&"'!$c70"),$R34,0)),OFFSET(INDIRECT("'"&'DATA for charts'!H$5&"'!$c70"),$R34,0),"") -> 6.42949 | I34: =MIN(C34:H34) -> 5.627 | J34: =MAX(C34:H34) -> 6.531 | K34: =AVERAGE(C34:H34) -> 6.1529117 | L34: =ABS((J34-I34)/K34) -> 0.14692231 | N34: =IF(ISNUMBER(YourData!$C93),YourData!$C93,"") | Q34: 15 | R34: =R33+1 -> 23
B35: 215 Infrared Radiation (Int IR="on", Ext IR="off") | C35: =IF(ISNUMBER(OFFSET(INDIRECT("'"&'DATA for charts'!C$5&"'!$c70"),$R35,0)),OFFSET(INDIRECT("'"&'DATA for charts'!C$5&"'!$c70"),$R35,0),"") -> 5.652 | D35: =IF(ISNUMBER(OFFSET(INDIRECT("'"&'DATA for charts'!D$5&"'!$c70"),$R35,0)),OFFSET(INDIRECT("'"&'DATA for charts'!D$5&"'!$c70"),$R35,0),"") -> 5.3066163 | E35: =IF(ISNUMBER(OFFSET(INDIRECT("'"&'DATA for charts'!E$5&"'!$c70"),$R35,0)),OFFSET(INDIRECT("'"&'DATA for charts'!E$5&"'!$c70"),$R35,0),"") -> 5.697 | F35: =IF(ISNUMBER(OFFSET(INDIRECT("'"&'DATA for charts'!F$5&"'!$c70"),$R35,0)),OFFSET(INDIRECT("'"&'DATA for charts'!F$5&"'!$c70"),$R35,0),"") -> 5.4054193 | G35: =IF(ISNUMBER(OFFSET(INDIRECT("'"&'DATA for charts'!G$5&"'!$c70"),$R35,0)),OFFSET(INDIRECT("'"&'DATA for charts'!G$5&"'!$c70"),$R35,0),"") -> 5.1811 | H35: =IF(ISNUMBER(OFFSET(INDIRECT("'"&'DATA for charts'!H$5&"'!$c70"),$R35,0)),OFFSET(INDIRECT("'"&'DATA for charts'!H$5&"'!$c70"),$R35,0),"") -> 5.44339 | I35: =MIN(C35:H35) -> 5.1811 | J35: =MAX(C35:H35) -> 5.697 | K35: =AVERAGE(C35:H35) -> 5.4475876 | L35: =ABS((J35-I35)/K35) -> 0.09470247 | N35: =IF(ISNUMBER(YourData!$C94),YourData!$C94,"") | Q35: 16 | R35: =R34+1 -> 24
B36: 220 In-Depth Base Case | C36: =IF(ISNUMBER(OFFSET(INDIRECT("'"&'DATA for charts'!C$5&"'!$c70"),$R36,0)),OFFSET(INDIRECT("'"&'DATA for charts'!C$5&"'!$c70"),$R36,0),"") -> 6.377 | D36: =IF(ISNUMBER(OFFSET(INDIRECT("'"&'DATA for charts'!D$5&"'!$c70"),$R36,0)),OFFSET(INDIRECT("'"&'DATA for charts'!D$5&"'!$c70"),$R36,0),"") -> 6.666344 | E36: =IF(ISNUMBER(OFFSET(INDIRECT("'"&'DATA for charts'!E$5&"'!$c70"),$R36,0)),OFFSET(INDIRECT("'"&'DATA for charts'!E$5&"'!$c70"),$R36,0),"") -> 7.178 | F36: =IF(ISNUMBER(OFFSET(INDIRECT("'"&'DATA for charts'!F$5&"'!$c70"),$R36,0)),OFFSET(INDIRECT("'"&'DATA for charts'!F$5&"'!$c70"),$R36,0),"") -> 6.4551361 | G36: =IF(ISNUMBER(OFFSET(INDIRECT("'"&'DATA for charts'!G$5&"'!$c70"),$R36,0)),OFFSET(INDIRECT("'"&'DATA for charts'!G$5&"'!$c70"),$R36,0),"") -> 6.7257 | H36: =IF(ISNUMBER(OFFSET(INDIRECT("'"&'DATA for charts'!H$5&"'!$c70"),$R36,0)),OFFSET(INDIRECT("'"&'DATA for charts'!H$5&"'!$c70"),$R36,0),"") -> 6.86783 | I36: =MIN(C36:H36) -> 6.377 | J36: =MAX(C36:H36) -> 7.178 | K36: =AVERAGE(C36:H36) -> 6.7116683 | L36: =ABS((J36-I36)/K36) -> 0.1193444 | N36: =IF(ISNUMBER(YourData!$C95),YourData!$C95,"") | Q36: 17 | R36: =R35+1 -> 25
B37: 230 Infiltration | C37: =IF(ISNUMBER(OFFSET(INDIRECT("'"&'DATA for charts'!C$5&"'!$c70"),$R37,0)),OFFSET(INDIRECT("'"&'DATA for charts'!C$5&"'!$c70"),$R37,0),"") -> 9.851 | D37: =IF(ISNUMBER(OFFSET(INDIRECT("'"&'DATA for charts'!D$5&"'!$c70"),$R37,0)),OFFSET(INDIRECT("'"&'DATA for charts'!D$5&"'!$c70"),$R37,0),"") -> 9.8123585 | E37: =IF(ISNUMBER(OFFSET(INDIRECT("'"&'DATA for charts'!E$5&"'!$c70"),$R37,0)),OFFSET(INDIRECT("'"&'DATA for charts'!E$5&"'!$c70"),$R37,0),"") -> 10.417 | F37: =IF(ISNUMBER(OFFSET(INDIRECT("'"&'DATA for charts'!F$5&"'!$c70"),$R37,0)),OFFSET(INDIRECT("'"&'DATA for charts'!F$5&"'!$c70"),$R37,0),"") -> 9.9298576 | G37: =IF(ISNUMBER(OFFSET(INDIRECT("'"&'DATA for charts'!G$5&"'!$c70"),$R37,0)),OFFSET(INDIRECT("'"&'DATA for charts'!G$5&"'!$c70"),$R37,0),"") -> 9.9385 | H37: =IF(ISNUMBER(OFFSET(INDIRECT("'"&'DATA for charts'!H$5&"'!$c70"),$R37,0)),OFFSET(INDIRECT("'"&'DATA for charts'!H$5&"'!$c70"),$R37,0),"") -> 10.2343 | I37: =MIN(C37:H37) -> 9.8123585 | J37: =MAX(C37:H37) -> 10.417 | K37: =AVERAGE(C37:H37) -> 10.030503 | L37: =ABS((J37-I37)/K37) -> 0.060280282 | N37: =IF(ISNUMBER(YourData!$C96),YourData!$C96,"") | Q37: 18 | R37: =R36+1 -> 26
B38: 240 Internal Gains | C38: =IF(ISNUMBER(OFFSET(INDIRECT("'"&'DATA for charts'!C$5&"'!$c70"),$R38,0)),OFFSET(INDIRECT("'"&'DATA for charts'!C$5&"'!$c70"),$R38,0),"") -> 5.116 | D38: =IF(ISNUMBER(OFFSET(INDIRECT("'"&'DATA for charts'!D$5&"'!$c70"),$R38,0)),OFFSET(INDIRECT("'"&'DATA for charts'!D$5&"'!$c70"),$R38,0),"") -> 5.4426273 | E38: =IF(ISNUMBER(OFFSET(INDIRECT("'"&'DATA for charts'!E$5&"'!$c70"),$R38,0)),OFFSET(INDIRECT("'"&'DATA for charts'!E$5&"'!$c70"),$R38,0),"") -> 5.944 | F38: =IF(ISNUMBER(OFFSET(INDIRECT("'"&'DATA for charts'!F$5&"'!$c70"),$R38,0)),OFFSET(INDIRECT("'"&'DATA for charts'!F$5&"'!$c70"),$R38,0),"") -> 5.2793766 | G38: =IF(ISNUMBER(OFFSET(INDIRECT("'"&'DATA for charts'!G$5&"'!$c70"),$R38,0)),OFFSET(INDIRECT("'"&'DATA for charts'!G$5&"'!$c70"),$R38,0),"") -> 5.5393 | H38: =IF(ISNUMBER(OFFSET(INDIRECT("'"&'DATA for charts'!H$5&"'!$c70"),$R38,0)),OFFSET(INDIRECT("'"&'DATA for charts'!H$5&"'!$c70"),$R38,0),"") -> 5.6572 | I38: =MIN(C38:H38) -> 5.116 | J38: =MAX(C38:H38) -> 5.944 | K38: =AVERAGE(C38:H38) -> 5.4964173 | L38: =ABS((J38-I38)/K38) -> 0.15064358 | N38: =IF(ISNUMBER(YourData!$C97),YourData!$C97,"") | Q38: 19 | R38: =R37+1 -> 27
B39: 250 Exterior Shortwave Absorptance | C39: =IF(ISNUMBER(OFFSET(INDIRECT("'"&'DATA for charts'!C$5&"'!$c70"),$R39,0)),OFFSET(INDIRECT("'"&'DATA for charts'!C$5&"'!$c70"),$R39,0),"") -> 4.733 | D39: =IF(ISNUMBER(OFFSET(INDIRECT("'"&'DATA for charts'!D$5&"'!$c70"),$R39,0)),OFFSET(INDIRECT("'"&'DATA for charts'!D$5&"'!$c70"),$R39,0),"") -> 5.0438461 | E39: =IF(ISNUMBER(OFFSET(INDIRECT("'"&'DATA for charts'!E$5&"'!$c70"),$R39,0)),OFFSET(INDIRECT("'"&'DATA for charts'!E$5&"'!$c70"),$R39,0),"") -> 5.373 | F39: =IF(ISNUMBER(OFFSET(INDIRECT("'"&'DATA for charts'!F$5&"'!$c70"),$R39,0)),OFFSET(INDIRECT("'"&'DATA for charts'!F$5&"'!$c70"),$R39,0),"") -> 4.899115 | G39: =IF(ISNUMBER(OFFSET(INDIRECT("'"&'DATA for charts'!G$5&"'!$c70"),$R39,0)),OFFSET(INDIRECT("'"&'DATA for charts'!G$5&"'!$c70"),$R39,0),"") -> 4.935 | H39: =IF(ISNUMBER(OFFSET(INDIRECT("'"&'DATA for charts'!H$5&"'!$c70"),$R39,0)),OFFSET(INDIRECT("'"&'DATA for charts'!H$5&"'!$c70"),$R39,0),"") -> 5.10474 | I39: =MIN(C39:H39) -> 4.733 | J39: =MAX(C39:H39) -> 5.373 | K39: =AVERAGE(C39:H39) -> 5.0147835 | L39: =ABS((J39-I39)/K39) -> 0.12762266 | N39: =IF(ISNUMBER(YourData!$C98),YourData!$C98,"") | Q39: 20 | R39: =R38+1 -> 28
B40: 270 South Solar Windows | C40: =IF(ISNUMBER(OFFSET(INDIRECT("'"&'DATA for charts'!C$5&"'!$c70"),$R40,0)),OFFSET(INDIRECT("'"&'DATA for charts'!C$5&"'!$c70"),$R40,0),"") | D40: =IF(ISNUMBER(OFFSET(INDIRECT("'"&'DATA for charts'!D$5&"'!$c70"),$R40,0)),OFFSET(INDIRECT("'"&'DATA for charts'!D$5&"'!$c70"),$R40,0),"") -> 4.3464711 | E40: =IF(ISNUMBER(OFFSET(INDIRECT("'"&'DATA for charts'!E$5&"'!$c70"),$R40,0)),OFFSET(INDIRECT("'"&'DATA for charts'!E$5&"'!$c70"),$R40,0),"") -> 4.273 | F40: =IF(ISNUMBER(OFFSET(INDIRECT("'"&'DATA for charts'!F$5&"'!$c70"),$R40,0)),OFFSET(INDIRECT("'"&'DATA for charts'!F$5&"'!$c70"),$R40,0),"") -> 4.3853513 | G40: =IF(ISNUMBER(OFFSET(INDIRECT("'"&'DATA for charts'!G$5&"'!$c70"),$R40,0)),OFFSET(INDIRECT("'"&'DATA for charts'!G$5&"'!$c70"),$R40,0),"") -> 4.5764 | H40: =IF(ISNUMBER(OFFSET(INDIRECT("'"&'DATA for charts'!H$5&"'!$c70"),$R40,0)),OFFSET(INDIRECT("'"&'DATA for charts'!H$5&"'!$c70"),$R40,0),"") -> 4.63116 | I40: =MIN(C40:H40) -> 4.273 | J40: =MAX(C40:H40) -> 4.63116 | K40: =AVERAGE(C40:H40) -> 4.4424765 | L40: =ABS((J40-I40)/K40) -> 0.080621699 | N40: =IF(ISNUMBER(YourData!$C99),YourData!$C99,"") | Q40: 21 | R40: =R39+1 -> 29
B41: 280 Cavity Albedo | C41: =IF(ISNUMBER(OFFSET(INDIRECT("'"&'DATA for charts'!C$5&"'!$c70"),$R41,0)),OFFSET(INDIRECT("'"&'DATA for charts'!C$5&"'!$c70"),$R41,0),"") | D41: =IF(ISNUMBER(OFFSET(INDIRECT("'"&'DATA for charts'!D$5&"'!$c70"),$R41,0)),OFFSET(INDIRECT("'"&'DATA for charts'!D$5&"'!$c70"),$R41,0),"") -> 4.5249314 | E41: =IF(ISNUMBER(OFFSET(INDIRECT("'"&'DATA for charts'!E$5&"'!$c70"),$R41,0)),OFFSET(INDIRECT("'"&'DATA for charts'!E$5&"'!$c70"),$R41,0),"") -> 4.619 | F41: =IF(ISNUMBER(OFFSET(INDIRECT("'"&'DATA for charts'!F$5&"'!$c70"),$R41,0)),OFFSET(INDIRECT("'"&'DATA for charts'!F$5&"'!$c70"),$R41,0),"") -> 4.5700665 | G41: =IF(ISNUMBER(OFFSET(INDIRECT("'"&'DATA for charts'!G$5&"'!$c70"),$R41,0)),OFFSET(INDIRECT("'"&'DATA for charts'!G$5&"'!$c70"),$R41,0),"") -> 4.7381 | H41: =IF(ISNUMBER(OFFSET(INDIRECT("'"&'DATA for charts'!H$5&"'!$c70"),$R41,0)),OFFSET(INDIRECT("'"&'DATA for charts'!H$5&"'!$c70"),$R41,0),"") -> 4.86989 | I41: =MIN(C41:H41) -> 4.5249314 | J41: =MAX(C41:H41) -> 4.86989 | K41: =AVERAGE(C41:H41) -> 4.6643976 | L41: =ABS((J41-I41)/K41) -> 0.073955666 | N41: =IF(ISNUMBER(YourData!$C100),YourData!$C100,"") | Q41: 22 | R41: =R40+1 -> 30
B42: 290 South Shading | C42: =IF(ISNUMBER(OFFSET(INDIRECT("'"&'DATA for charts'!C$5&"'!$c70"),$R42,0)),OFFSET(INDIRECT("'"&'DATA for charts'!C$5&"'!$c70"),$R42,0),"") | D42: =IF(ISNUMBER(OFFSET(INDIRECT("'"&'DATA for charts'!D$5&"'!$c70"),$R42,0)),OFFSET(INDIRECT("'"&'DATA for charts'!D$5&"'!$c70"),$R42,0),"") -> 4.4241859 | E42: =IF(ISNUMBER(OFFSET(INDIRECT("'"&'DATA for charts'!E$5&"'!$c70"),$R42,0)),OFFSET(INDIRECT("'"&'DATA for charts'!E$5&"'!$c70"),$R42,0),"") -> 4.381 | F42: =IF(ISNUMBER(OFFSET(INDIRECT("'"&'DATA for charts'!F$5&"'!$c70"),$R42,0)),OFFSET(INDIRECT("'"&'DATA for charts'!F$5&"'!$c70"),$R42,0),"") -> 4.4243974 | G42: =IF(ISNUMBER(OFFSET(INDIRECT("'"&'DATA for charts'!G$5&"'!$c70"),$R42,0)),OFFSET(INDIRECT("'"&'DATA for charts'!G$5&"'!$c70"),$R42,0),"") -> 4.7447 | H42: =IF(ISNUMBER(OFFSET(INDIRECT("'"&'DATA for charts'!H$5&"'!$c70"),$R42,0)),OFFSET(INDIRECT("'"&'DATA for charts'!H$5&"'!$c70"),$R42,0),"") -> 4.72478 | I42: =MIN(C42:H42) -> 4.381 | J42: =MAX(C42:H42) -> 4.7447 | K42: =AVERAGE(C42:H42) -> 4.5398127 | L42: =ABS((J42-I42)/K42) -> 0.080113438 | N42: =IF(ISNUMBER(YourData!$C101),YourData!$C101,"") | Q42: 23 | R42: =R41+1 -> 31
B43: 300 East/West Window | C43: =IF(ISNUMBER(OFFSET(INDIRECT("'"&'DATA for charts'!C$5&"'!$c70"),$R43,0)),OFFSET(INDIRECT("'"&'DATA for charts'!C$5&"'!$c70"),$R43,0),"") | D43: =IF(ISNUMBER(OFFSET(INDIRECT("'"&'DATA for charts'!D$5&"'!$c70"),$R43,0)),OFFSET(INDIRECT("'"&'DATA for charts'!D$5&"'!$c70"),$R43,0),"") -> 4.3183532 | E43: =IF(ISNUMBER(OFFSET(INDIRECT("'"&'DATA for charts'!E$5&"'!$c70"),$R43,0)),OFFSET(INDIRECT("'"&'DATA for charts'!E$5&"'!$c70"),$R43,0),"") -> 4.46 | F43: =IF(ISNUMBER(OFFSET(INDIRECT("'"&'DATA for charts'!F$5&"'!$c70"),$R43,0)),OFFSET(INDIRECT("'"&'DATA for charts'!F$5&"'!$c70"),$R43,0),"") -> 4.4245479 | G43: =IF(ISNUMBER(OFFSET(INDIRECT("'"&'DATA for charts'!G$5&"'!$c70"),$R43,0)),OFFSET(INDIRECT("'"&'DATA for charts'!G$5&"'!$c70"),$R43,0),"") -> 4.6679 | H43: =IF(ISNUMBER(OFFSET(INDIRECT("'"&'DATA for charts'!H$5&"'!$c70"),$R43,0)),OFFSET(INDIRECT("'"&'DATA for charts'!H$5&"'!$c70"),$R43,0),"") -> 4.72563 | I43: =MIN(C43:H43) -> 4.3183532 | J43: =MAX(C43:H43) -> 4.72563 | K43: =AVERAGE(C43:H43) -> 4.5192862 | L43: =ABS((J43-I43)/K43) -> 0.090119727 | N43: =IF(ISNUMBER(YourData!$C102),YourData!$C102,"") | Q43: 24 | R43: =R42+1 -> 32
... B51: 440 Low Mass Cavity Albedo | C51: =IF(ISNUMBER(OFFSET(INDIRECT("'"&'DATA for charts'!C$5&"'!$c70"),$R51,0)),OFFSET(INDIRECT("'"&'DATA for charts'!C$5&"'!$c70"),$R51,0),"") | D51: =IF(ISNUMBER(OFFSET(INDIRECT("'"&'DATA for charts'!D$5&"'!$c70"),$R51,0)),OFFSET(INDIRECT("'"&'DATA for charts'!D$5&"'!$c70"),$R51,0),"") -> 4.1559399 | E51: =IF(ISNUMBER(OFFSET(INDIRECT("'"&'DATA for charts'!E$5&"'!$c70"),$R51,0)),OFFSET(INDIRECT("'"&'DATA for charts'!E$5&"'!$c70"),$R51,0),"") -> 4.33 | F51: =IF(ISNUMBER(OFFSET(INDIRECT("'"&'DATA for charts'!F$5&"'!$c70"),$R51,0)),OFFSET(INDIRECT("'"&'DATA for charts'!F$5&"'!$c70"),$R51,0),"") -> 4.5000607 | G51: =IF(ISNUMBER(OFFSET(INDIRECT("'"&'DATA for charts'!G$5&"'!$c70"),$R51,0)),OFFSET(INDIRECT("'"&'DATA for charts'!G$5&"'!$c70"),$R51,0),"") -> 4.5039 | H51: =IF(ISNUMBER(OFFSET(INDIRECT("'"&'DATA for charts'!H$5&"'!$c70"),$R51,0)),OFFSET(INDIRECT("'"&'DATA for charts'!H$5&"'!$c70"),$R51,0),"") -> 4.72068 | I51: =MIN(C51:H51) -> 4.1559399 | J51: =MAX(C51:H51) -> 4.72068 | K51: =AVERAGE(C51:H51) -> 4.4421161 | L51: =ABS((J51-I51)/K51) -> 0.12713313 | N51: =IF(ISNUMBER(YourData!$C110),YourData!$C110,"") | Q51: 32 | R51: =R50+1 -> 40
B52: 450 Constant Interior and Exterior Surf Coeffs | C52: =IF(ISNUMBER(OFFSET(INDIRECT("'"&'DATA for charts'!C$5&"'!$c70"),$R52,0)),OFFSET(INDIRECT("'"&'DATA for charts'!C$5&"'!$c70"),$R52,0),"") -> 3.743 | D52: =IF(ISNUMBER(OFFSET(INDIRECT("'"&'DATA for charts'!D$5&"'!$c70"),$R52,0)),OFFSET(INDIRECT("'"&'DATA for charts'!D$5&"'!$c70"),$R52,0),"") -> 3.9904393 | E52: =IF(ISNUMBER(OFFSET(INDIRECT("'"&'DATA for charts'!E$5&"'!$c70"),$R52,0)),OFFSET(INDIRECT("'"&'DATA for charts'!E$5&"'!$c70"),$R52,0),"") -> 3.375 | F52: =IF(ISNUMBER(OFFSET(INDIRECT("'"&'DATA for charts'!F$5&"'!$c70"),$R52,0)),OFFSET(INDIRECT("'"&'DATA for charts'!F$5&"'!$c70"),$R52,0),"") -> 3.9624786 | G52: =IF(ISNUMBER(OFFSET(INDIRECT("'"&'DATA for charts'!G$5&"'!$c70"),$R52,0)),OFFSET(INDIRECT("'"&'DATA for charts'!G$5&"'!$c70"),$R52,0),"") -> 3.8503 | H52: =IF(ISNUMBER(OFFSET(INDIRECT("'"&'DATA for charts'!H$5&"'!$c70"),$R52,0)),OFFSET(INDIRECT("'"&'DATA for charts'!H$5&"'!$c70"),$R52,0),"") -> 3.87091 | I52: =MIN(C52:H52) -> 3.375 | J52: =MAX(C52:H52) -> 3.9904393 | K52: =AVERAGE(C52:H52) -> 3.798688 | L52: =ABS((J52-I52)/K52) -> 0.16201364 | N52: =IF(ISNUMBER(YourData!$C111),YourData!$C111,"") | R52: =R51+1 -> 41
B53: 460 Constant Interior Surface Coefficients | C53: =IF(ISNUMBER(OFFSET(INDIRECT("'"&'DATA for charts'!C$5&"'!$c70"),$R53,0)),OFFSET(INDIRECT("'"&'DATA for charts'!C$5&"'!$c70"),$R53,0),"") -> 3.828 | D53: =IF(ISNUMBER(OFFSET(INDIRECT("'"&'DATA for charts'!D$5&"'!$c70"),$R53,0)),OFFSET(INDIRECT("'"&'DATA for charts'!D$5&"'!$c70"),$R53,0),"") -> 4.0555099 | E53: =IF(ISNUMBER(OFFSET(INDIRECT("'"&'DATA for charts'!E$5&"'!$c70"),$R53,0)),OFFSET(INDIRECT("'"&'DATA for charts'!E$5&"'!$c70"),$R53,0),"") -> 3.873 | F53: =IF(ISNUMBER(OFFSET(INDIRECT("'"&'DATA for charts'!F$5&"'!$c70"),$R53,0)),OFFSET(INDIRECT("'"&'DATA for charts'!F$5&"'!$c70"),$R53,0),"") -> 4.1937504 | G53: =IF(ISNUMBER(OFFSET(INDIRECT("'"&'DATA for charts'!G$5&"'!$c70"),$R53,0)),OFFSET(INDIRECT("'"&'DATA for charts'!G$5&"'!$c70"),$R53,0),"") -> 4.2625 | H53: =IF(ISNUMBER(OFFSET(INDIRECT("'"&'DATA for charts'!H$5&"'!$c70"),$R53,0)),OFFSET(INDIRECT("'"&'DATA for charts'!H$5&"'!$c70"),$R53,0),"") -> 4.28977 | I53: =MIN(C53:H53) -> 3.828 | J53: =MAX(C53:H53) -> 4.28977 | K53: =AVERAGE(C53:H53) -> 4.0837551 | L53: =ABS((J53-I53)/K53) -> 0.11307485 | N53: =IF(ISNUMBER(YourData!$C112),YourData!$C112,"") | R53: =R52+1 -> 42
B54: 470 Constant Exterior Surface Coefficients | C54: =IF(ISNUMBER(OFFSET(INDIRECT("'"&'DATA for charts'!C$5&"'!$c70"),$R54,0)),OFFSET(INDIRECT("'"&'DATA for charts'!C$5&"'!$c70"),$R54,0),"") -> 4.042 | D54: =IF(ISNUMBER(OFFSET(INDIRECT("'"&'DATA for charts'!D$5&"'!$c70"),$R54,0)),OFFSET(INDIRECT("'"&'DATA for charts'!D$5&"'!$c70"),$R54,0),"") -> 3.899491 | E54: =IF(ISNUMBER(OFFSET(INDIRECT("'"&'DATA for charts'!E$5&"'!$c70"),$R54,0)),OFFSET(INDIRECT("'"&'DATA for charts'!E$5&"'!$c70"),$R54,0),"") -> 3.54 | F54: =IF(ISNUMBER(OFFSET(INDIRECT("'"&'DATA for charts'!F$5&"'!$c70"),$R54,0)),OFFSET(INDIRECT("'"&'DATA for charts'!F$5&"'!$c70"),$R54,0),"") -> 4.0938635 | G54: =IF(ISNUMBER(OFFSET(INDIRECT("'"&'DATA for charts'!G$5&"'!$c70"),$R54,0)),OFFSET(INDIRECT("'"&'DATA for charts'!G$5&"'!$c70"),$R54,0),"") -> 3.9597 | H54: =IF(ISNUMBER(OFFSET(INDIRECT("'"&'DATA for charts'!H$5&"'!$c70"),$R54,0)),OFFSET(INDIRECT("'"&'DATA for charts'!H$5&"'!$c70"),$R54,0),"") -> 4.07462 | I54: =MIN(C54:H54) -> 3.54 | J54: =MAX(C54:H54) -> 4.0938635 | K54: =AVERAGE(C54:H54) -> 3.9349458 | L54: =ABS((J54-I54)/K54) -> 0.14075506 | N54: =IF(ISNUMBER(YourData!$C113),YourData!$C113,"") | R54: =R53+1 -> 43
B55: 800 High Mass High Cond. Wall Elements | C55: =IF(ISNUMBER(OFFSET(INDIRECT("'"&'DATA for charts'!C$5&"'!$c70"),$R55,0)),OFFSET(INDIRECT("'"&'DATA for charts'!C$5&"'!$c70"),$R55,0),"") -> 5.141 | D55: =IF(ISNUMBER(OFFSET(INDIRECT("'"&'DATA for charts'!D$5&"'!$c70"),$R55,0)),OFFSET(INDIRECT("'"&'DATA for charts'!D$5&"'!$c70"),$R55,0),"") -> 4.9056834 | E55: =IF(ISNUMBER(OFFSET(INDIRECT("'"&'DATA for charts'!E$5&"'!$c70"),$R55,0)),OFFSET(INDIRECT("'"&'DATA for charts'!E$5&"'!$c70"),$R55,0),"") -> 5.403 | F55: =IF(ISNUMBER(OFFSET(INDIRECT("'"&'DATA for charts'!F$5&"'!$c70"),$R55,0)),OFFSET(INDIRECT("'"&'DATA for charts'!F$5&"'!$c70"),$R55,0),"") -> 5.1155589 | G55: =IF(ISNUMBER(OFFSET(INDIRECT("'"&'DATA for charts'!G$5&"'!$c70"),$R55,0)),OFFSET(INDIRECT("'"&'DATA for charts'!G$5&"'!$c70"),$R55,0),"") -> 4.9798 | H55: =IF(ISNUMBER(OFFSET(INDIRECT("'"&'DATA for charts'!H$5&"'!$c70"),$R55,0)),OFFSET(INDIRECT("'"&'DATA for charts'!H$5&"'!$c70"),$R55,0),"") -> 5.36946 | I55: =MIN(C55:H55) -> 4.9056834 | J55: =MAX(C55:H55) -> 5.403 | K55: =AVERAGE(C55:H55) -> 5.152417 | L55: =ABS((J55-I55)/K55) -> 0.096521034 | N55: =IF(ISNUMBER(YourData!$C114),YourData!$C114,"") | Q55: 33 | R55: =R54+1 -> 44
B56: 810 High Mass Cavity Albedo | C56: =IF(ISNUMBER(OFFSET(INDIRECT("'"&'DATA for charts'!C$5&"'!$c70"),$R56,0)),OFFSET(INDIRECT("'"&'DATA for charts'!C$5&"'!$c70"),$R56,0),"") | D56: =IF(ISNUMBER(OFFSET(INDIRECT("'"&'DATA for charts'!D$5&"'!$c70"),$R56,0)),OFFSET(INDIRECT("'"&'DATA for charts'!D$5&"'!$c70"),$R56,0),"") -> 2.0375137 | E56: =IF(ISNUMBER(OFFSET(INDIRECT("'"&'DATA for charts'!E$5&"'!$c70"),$R56,0)),OFFSET(INDIRECT("'"&'DATA for charts'!E$5&"'!$c70"),$R56,0),"") -> 2.454 | F56: =IF(ISNUMBER(OFFSET(INDIRECT("'"&'DATA for charts'!F$5&"'!$c70"),$R56,0)),OFFSET(INDIRECT("'"&'DATA for charts'!F$5&"'!$c70"),$R56,0),"") -> 2.3418239 | G56: =IF(ISNUMBER(OFFSET(INDIRECT("'"&'DATA for charts'!G$5&"'!$c70"),$R56,0)),OFFSET(INDIRECT("'"&'DATA for charts'!G$5&"'!$c70"),$R56,0),"") -> 2.185 | H56: =IF(ISNUMBER(OFFSET(INDIRECT("'"&'DATA for charts'!H$5&"'!$c70"),$R56,0)),OFFSET(INDIRECT("'"&'DATA for charts'!H$5&"'!$c70"),$R56,0),"") -> 2.60975 | I56: =MIN(C56:H56) -> 2.0375137 | J56: =MAX(C56:H56) -> 2.60975 | K56: =AVERAGE(C56:H56) -> 2.3256175 | L56: =ABS((J56-I56)/K56) -> 0.2460578 | N56: =IF(ISNUMBER(YourData!$C115),YourData!$C115,"") | Q56: 34 | R56: =R55+1 -> 45
B57: ** ABS[ (Max-Min) / (Mean of Example Simulation Results) ]
B59: Table B8-2. Annual Sensible Cooling Loads (MWh)
B60: Simulation Model: | C60: ='DATA for charts'!C6 -> BSIMAC | D60: ='DATA for charts'!D6 -> CSE | E60: ='DATA for charts'!E6 -> DeST | F60: ='DATA for charts'!F6 -> EnergyPlus | G60: ='DATA for charts'!G6 -> ESP-r | H60: ='DATA for charts'!H6 -> TRNSYS | I60: Statistics for Example Results | N60: ='DATA for charts'!S$6 -> Tested Prg
C61: ='DATA for charts'!C7 | D61: ='DATA for charts'!D7 | E61: ='DATA for charts'!E7 | F61: ='DATA for charts'!F7 | G61: ='DATA for charts'!G7 | H61: ='DATA for charts'!H7 | I61: Min | J61: Max | K61: Mean | L61: (Max-Min)/ | N61: ='DATA for charts'!S$7
B62: Case | L62: Mean** (%)
B63: 600 Base Case, South Windows | C63: =IF(ISNUMBER(OFFSET(INDIRECT("'"&'DATA for charts'!C$5&"'!$d70"),$R11,0)),OFFSET(INDIRECT("'"&'DATA for charts'!C$5&"'!$d70"),$R11,0),"") -> 5.822 | D63: =IF(ISNUMBER(OFFSET(INDIRECT("'"&'DATA for charts'!D$5&"'!$d70"),$R11,0)),OFFSET(INDIRECT("'"&'DATA for charts'!D$5&"'!$d70"),$R11,0),"") -> 5.9131242 | E63: =IF(ISNUMBER(OFFSET(INDIRECT("'"&'DATA for charts'!E$5&"'!$d70"),$R11,0)),OFFSET(INDIRECT("'"&'DATA for charts'!E$5&"'!$d70"),$R11,0),"") -> 5.432 | F63: =IF(ISNUMBER(OFFSET(INDIRECT("'"&'DATA for charts'!F$5&"'!$d70"),$R11,0)),OFFSET(INDIRECT("'"&'DATA for charts'!F$5&"'!$d70"),$R11,0),"") -> 6.0270394 | G63: =IF(ISNUMBER(OFFSET(INDIRECT("'"&'DATA for charts'!G$5&"'!$d70"),$R11,0)),OFFSET(INDIRECT("'"&'DATA for charts'!G$5&"'!$d70"),$R11,0),"") -> 6.1618 | H63: =IF(ISNUMBER(OFFSET(INDIRECT("'"&'DATA for charts'!H$5&"'!$d70"),$R11,0)),OFFSET(INDIRECT("'"&'DATA for charts'!H$5&"'!$d70"),$R11,0),"") -> 5.77952 | I63: =MIN(C63:H63) -> 5.432 | J63: =MAX(C63:H63) -> 6.1618 | K63: =AVERAGE(C63:H63) -> 5.8559139 | L63: =ABS((J63-I63)/K63) -> 0.12462615 | N63: =IF(ISNUMBER(YourData!$D70),YourData!$D70,"")
B64: 610 S. Windows + Overhang | C64: =IF(ISNUMBER(OFFSET(INDIRECT("'"&'DATA for charts'!C$5&"'!$d70"),$R12,0)),OFFSET(INDIRECT("'"&'DATA for charts'!C$5&"'!$d70"),$R12,0),"") -> 4.299 | D64: =IF(ISNUMBER(OFFSET(INDIRECT("'"&'DATA for charts'!D$5&"'!$d70"),$R12,0)),OFFSET(INDIRECT("'"&'DATA for charts'!D$5&"'!$d70"),$R12,0),"") -> 4.3817937 | E64: =IF(ISNUMBER(OFFSET(INDIRECT("'"&'DATA for charts'!E$5&"'!$d70"),$R12,0)),OFFSET(INDIRECT("'"&'DATA for charts'!E$5&"'!$d70"),$R12,0),"") -> 4.173 | F64: =IF(ISNUMBER(OFFSET(INDIRECT("'"&'DATA for charts'!F$5&"'!$d70"),$R12,0)),OFFSET(INDIRECT("'"&'DATA for charts'!F$5&"'!$d70"),$R12,0),"") -> 4.3327583 | G64: =IF(ISNUMBER(OFFSET(INDIRECT("'"&'DATA for charts'!G$5&"'!$d70"),$R12,0)),OFFSET(INDIRECT("'"&'DATA for charts'!G$5&"'!$d70"),$R12,0),"") -> 4.2325 | H64: =IF(ISNUMBER(OFFSET(INDIRECT("'"&'DATA for charts'!H$5&"'!$d70"),$R12,0)),OFFSET(INDIRECT("'"&'DATA for charts'!H$5&"'!$d70"),$R12,0),"") -> 4.1168 | I64: =MIN(C64:H64) -> 4.1168 | J64: =MAX(C64:H64) -> 4.3817937 | K64: =AVERAGE(C64:H64) -> 4.2559753 | L64: =ABS((J64-I64)/K64) -> 0.062263912 | N64: =IF(ISNUMBER(YourData!$D71),YourData!$D71,"")
B65: 620 East & West Windows | C65: =IF(ISNUMBER(OFFSET(INDIRECT("'"&'DATA for charts'!C$5&"'!$d70"),$R13,0)),OFFSET(INDIRECT("'"&'DATA for charts'!C$5&"'!$d70"),$R13,0),"") -> 4.404 | D65: =IF(ISNUMBER(OFFSET(INDIRECT("'"&'DATA for charts'!D$5&"'!$d70"),$R13,0)),OFFSET(INDIRECT("'"&'DATA for charts'!D$5&"'!$d70"),$R13,0),"") -> 4.0793079 | E65: =IF(ISNUMBER(OFFSET(INDIRECT("'"&'DATA for charts'!E$5&"'!$d70"),$R13,0)),OFFSET(INDIRECT("'"&'DATA for charts'!E$5&"'!$d70"),$R13,0),"") -> 3.909 | F65: =IF(ISNUMBER(OFFSET(INDIRECT("'"&'DATA for charts'!F$5&"'!$d70"),$R13,0)),OFFSET(INDIRECT("'"&'DATA for charts'!F$5&"'!$d70"),$R13,0),"") -> 4.059509 | G65: =IF(ISNUMBER(OFFSET(INDIRECT("'"&'DATA for charts'!G$5&"'!$d70"),$R13,0)),OFFSET(INDIRECT("'"&'DATA for charts'!G$5&"'!$d70"),$R13,0),"") -> 4.2457 | H65: =IF(ISNUMBER(OFFSET(INDIRECT("'"&'DATA for charts'!H$5&"'!$d70"),$R13,0)),OFFSET(INDIRECT("'"&'DATA for charts'!H$5&"'!$d70"),$R13,0),"") -> 3.84065 | I65: =MIN(C65:H65) -> 3.84065 | J65: =MAX(C65:H65) -> 4.404 | K65: =AVERAGE(C65:H65) -> 4.0896945 | L65: =ABS((J65-I65)/K65) -> 0.13774868 | N65: =IF(ISNUMBER(YourData!$D72),YourData!$D72,"")
B66: 630 E&W Windows + Overhang & Fins | C66: =IF(ISNUMBER(OFFSET(INDIRECT("'"&'DATA for charts'!C$5&"'!$d70"),$R14,0)),OFFSET(INDIRECT("'"&'DATA for charts'!C$5&"'!$d70"),$R14,0),"") -> 3.074 | D66: =IF(ISNUMBER(OFFSET(INDIRECT("'"&'DATA for charts'!D$5&"'!$d70"),$R14,0)),OFFSET(INDIRECT("'"&'DATA for charts'!D$5&"'!$d70"),$R14,0),"") -> 3.0204033 | E66: =IF(ISNUMBER(OFFSET(INDIRECT("'"&'DATA for charts'!E$5&"'!$d70"),$R14,0)),OFFSET(INDIRECT("'"&'DATA for charts'!E$5&"'!$d70"),$R14,0),"") -> 2.787 | F66: =IF(ISNUMBER(OFFSET(INDIRECT("'"&'DATA for charts'!F$5&"'!$d70"),$R14,0)),OFFSET(INDIRECT("'"&'DATA for charts'!F$5&"'!$d70"),$R14,0),"") -> 2.8360402 | G66: =IF(ISNUMBER(OFFSET(INDIRECT("'"&'DATA for charts'!G$5&"'!$d70"),$R14,0)),OFFSET(INDIRECT("'"&'DATA for charts'!G$5&"'!$d70"),$R14,0),"") -> 2.5953 | H66: =IF(ISNUMBER(OFFSET(INDIRECT("'"&'DATA for charts'!H$5&"'!$d70"),$R14,0)),OFFSET(INDIRECT("'"&'DATA for charts'!H$5&"'!$d70"),$R14,0),"") -> 2.57287 | I66: =MIN(C66:H66) -> 2.57287 | J66: =MAX(C66:H66) -> 3.074 | K66: =AVERAGE(C66:H66) -> 2.8142689 | L66: =ABS((J66-I66)/K66) -> 0.17806756 | N66: =IF(ISNUMBER(YourData!$D73),YourData!$D73,"")
B67: 640 Case 600 with Htg Temp. Setback | C67: =IF(ISNUMBER(OFFSET(INDIRECT("'"&'DATA for charts'!C$5&"'!$d70"),$R15,0)),OFFSET(INDIRECT("'"&'DATA for charts'!C$5&"'!$d70"),$R15,0),"") -> 5.804 | D67: =IF(ISNUMBER(OFFSET(INDIRECT("'"&'DATA for charts'!D$5&"'!$d70"),$R15,0)),OFFSET(INDIRECT("'"&'DATA for charts'!D$5&"'!$d70"),$R15,0),"") -> 5.6439125 | E67: =IF(ISNUMBER(OFFSET(INDIRECT("'"&'DATA for charts'!E$5&"'!$d70"),$R15,0)),OFFSET(INDIRECT("'"&'DATA for charts'!E$5&"'!$d70"),$R15,0),"") -> 5.237 | F67: =IF(ISNUMBER(OFFSET(INDIRECT("'"&'DATA for charts'!F$5&"'!$d70"),$R15,0)),OFFSET(INDIRECT("'"&'DATA for charts'!F$5&"'!$d70"),$R15,0),"") -> 5.7630999 | G67: =IF(ISNUMBER(OFFSET(INDIRECT("'"&'DATA for charts'!G$5&"'!$d70"),$R15,0)),OFFSET(INDIRECT("'"&'DATA for charts'!G$5&"'!$d70"),$R15,0),"") -> 5.8926 | H67: =IF(ISNUMBER(OFFSET(INDIRECT("'"&'DATA for charts'!H$5&"'!$d70"),$R15,0)),OFFSET(INDIRECT("'"&'DATA for charts'!H$5&"'!$d70"),$R15,0),"") -> 5.47722 | I67: =MIN(C67:H67) -> 5.237 | J67: =MAX(C67:H67) -> 5.8926 | K67: =AVERAGE(C67:H67) -> 5.6363054 | L67: =ABS((J67-I67)/K67) -> 0.11631733 | N67: =IF(ISNUMBER(YourData!$D74),YourData!$D74,"")
B68: 650 Case 600 with Night Ventilation | C68: =IF(ISNUMBER(OFFSET(INDIRECT("'"&'DATA for charts'!C$5&"'!$d70"),$R16,0)),OFFSET(INDIRECT("'"&'DATA for charts'!C$5&"'!$d70"),$R16,0),"") -> 4.629 | D68: =IF(ISNUMBER(OFFSET(INDIRECT("'"&'DATA for charts'!D$5&"'!$d70"),$R16,0)),OFFSET(INDIRECT("'"&'DATA for charts'!D$5&"'!$d70"),$R16,0),"") -> 4.6538809 | E68: =IF(ISNUMBER(OFFSET(INDIRECT("'"&'DATA for charts'!E$5&"'!$d70"),$R16,0)),OFFSET(INDIRECT("'"&'DATA for charts'!E$5&"'!$d70"),$R16,0),"") -> 4.186 | F68: =IF(ISNUMBER(OFFSET(INDIRECT("'"&'DATA for charts'!F$5&"'!$d70"),$R16,0)),OFFSET(INDIRECT("'"&'DATA for charts'!F$5&"'!$d70"),$R16,0),"") -> 4.8167786 | G68: =IF(ISNUMBER(OFFSET(INDIRECT("'"&'DATA for charts'!G$5&"'!$d70"),$R16,0)),OFFSET(INDIRECT("'"&'DATA for charts'!G$5&"'!$d70"),$R16,0),"") -> 4.9451 | H68: =IF(ISNUMBER(OFFSET(INDIRECT("'"&'DATA for charts'!H$5&"'!$d70"),$R16,0)),OFFSET(INDIRECT("'"&'DATA for charts'!H$5&"'!$d70"),$R16,0),"") -> 4.63234 | I68: =MIN(C68:H68) -> 4.186 | J68: =MAX(C68:H68) -> 4.9451 | K68: =AVERAGE(C68:H68) -> 4.6438499 | L68: =ABS((J68-I68)/K68) -> 0.16346351 | N68: =IF(ISNUMBER(YourData!$D75),YourData!$D75,"")
B69: 660 Low-E Windows | C69: =IF(ISNUMBER(OFFSET(INDIRECT("'"&'DATA for charts'!C$5&"'!$d70"),$R17,0)),OFFSET(INDIRECT("'"&'DATA for charts'!C$5&"'!$d70"),$R17,0),"") -> 3.014 | D69: =IF(ISNUMBER(OFFSET(INDIRECT("'"&'DATA for charts'!D$5&"'!$d70"),$R17,0)),OFFSET(INDIRECT("'"&'DATA for charts'!D$5&"'!$d70"),$R17,0),"") -> 3.3396897 | E69: =IF(ISNUMBER(OFFSET(INDIRECT("'"&'DATA for charts'!E$5&"'!$d70"),$R17,0)),OFFSET(INDIRECT("'"&'DATA for charts'!E$5&"'!$d70"),$R17,0),"") -> 3.26 | F69: =IF(ISNUMBER(OFFSET(INDIRECT("'"&'DATA for charts'!F$5&"'!$d70"),$R17,0)),OFFSET(INDIRECT("'"&'DATA for charts'!F$5&"'!$d70"),$R17,0),"") -> 3.2315369 | G69: =IF(ISNUMBER(OFFSET(INDIRECT("'"&'DATA for charts'!G$5&"'!$d70"),$R17,0)),OFFSET(INDIRECT("'"&'DATA for charts'!G$5&"'!$d70"),$R17,0),"") -> 3.2186 | H69: =IF(ISNUMBER(OFFSET(INDIRECT("'"&'DATA for charts'!H$5&"'!$d70"),$R17,0)),OFFSET(INDIRECT("'"&'DATA for charts'!H$5&"'!$d70"),$R17,0),"") -> 2.96625 | I69: =MIN(C69:H69) -> 2.96625 | J69: =MAX(C69:H69) -> 3.3396897 | K69: =AVERAGE(C69:H69) -> 3.1716794 | L69: =ABS((J69-I69)/K69) -> 0.11774193 | N69: =IF(ISNUMBER(YourData!$D76),YourData!$D76,"")
B70: 670 Single-Pane Windows | C70: =IF(ISNUMBER(OFFSET(INDIRECT("'"&'DATA for charts'!C$5&"'!$d70"),$R18,0)),OFFSET(INDIRECT("'"&'DATA for charts'!C$5&"'!$d70"),$R18,0),"") -> 6.539 | D70: =IF(ISNUMBER(OFFSET(INDIRECT("'"&'DATA for charts'!D$5&"'!$d70"),$R18,0)),OFFSET(INDIRECT("'"&'DATA for charts'!D$5&"'!$d70"),$R18,0),"") -> 6.5777436 | E70: =IF(ISNUMBER(OFFSET(INDIRECT("'"&'DATA for charts'!E$5&"'!$d70"),$R18,0)),OFFSET(INDIRECT("'"&'DATA for charts'!E$5&"'!$d70"),$R18,0),"") -> 5.954 | F70: =IF(ISNUMBER(OFFSET(INDIRECT("'"&'DATA for charts'!F$5&"'!$d70"),$R18,0)),OFFSET(INDIRECT("'"&'DATA for charts'!F$5&"'!$d70"),$R18,0),"") -> 6.6227034 | G70: =IF(ISNUMBER(OFFSET(INDIRECT("'"&'DATA for charts'!G$5&"'!$d70"),$R18,0)),OFFSET(INDIRECT("'"&'DATA for charts'!G$5&"'!$d70"),$R18,0),"") -> 6.5203 | H70: =IF(ISNUMBER(OFFSET(INDIRECT("'"&'DATA for charts'!H$5&"'!$d70"),$R18,0)),OFFSET(INDIRECT("'"&'DATA for charts'!H$5&"'!$d70"),$R18,0),"") -> 6.1978 | I70: =MIN(C70:H70) -> 5.954 | J70: =MAX(C70:H70) -> 6.6227034 | K70: =AVERAGE(C70:H70) -> 6.4019245 | L70: =ABS((J70-I70)/K70) -> 0.1044535 | N70: =IF(ISNUMBER(YourData!$D77),YourData!$D77,"")
B71: 680 Case 600 with Increased Insulation | C71: =IF(ISNUMBER(OFFSET(INDIRECT("'"&'DATA for charts'!C$5&"'!$d70"),$R19,0)),OFFSET(INDIRECT("'"&'DATA for charts'!C$5&"'!$d70"),$R19,0),"") -> 5.938 | D71: =IF(ISNUMBER(OFFSET(INDIRECT("'"&'DATA for charts'!D$5&"'!$d70"),$R19,0)),OFFSET(INDIRECT("'"&'DATA for charts'!D$5&"'!$d70"),$R19,0),"") -> 6.429816 | E71: =IF(ISNUMBER(OFFSET(INDIRECT("'"&'DATA for charts'!E$5&"'!$d70"),$R19,0)),OFFSET(INDIRECT("'"&'DATA for charts'!E$5&"'!$d70"),$R19,0),"") -> 5.932 | F71: =IF(ISNUMBER(OFFSET(INDIRECT("'"&'DATA for charts'!F$5&"'!$d70"),$R19,0)),OFFSET(INDIRECT("'"&'DATA for charts'!F$5&"'!$d70"),$R19,0),"") -> 6.4439035 | G71: =IF(ISNUMBER(OFFSET(INDIRECT("'"&'DATA for charts'!G$5&"'!$d70"),$R19,0)),OFFSET(INDIRECT("'"&'DATA for charts'!G$5&"'!$d70"),$R19,0),"") -> 6.5294 | H71: =IF(ISNUMBER(OFFSET(INDIRECT("'"&'DATA for charts'!H$5&"'!$d70"),$R19,0)),OFFSET(INDIRECT("'"&'DATA for charts'!H$5&"'!$d70"),$R19,0),"") -> 6.30975 | I71: =MIN(C71:H71) -> 5.932 | J71: =MAX(C71:H71) -> 6.5294 | K71: =AVERAGE(C71:H71) -> 6.2638116 | L71: =ABS((J71-I71)/K71) -> 0.095373239 | N71: =IF(ISNUMBER(YourData!$D78),YourData!$D78,"")
B72: 685 Case 600 with "20/20" Thermostat | C72: =IF(ISNUMBER(OFFSET(INDIRECT("'"&'DATA for charts'!C$5&"'!$d70"),$R20,0)),OFFSET(INDIRECT("'"&'DATA for charts'!C$5&"'!$d70"),$R20,0),"") -> 9.13 | D72: =IF(ISNUMBER(OFFSET(INDIRECT("'"&'DATA for charts'!D$5&"'!$d70"),$R20,0)),OFFSET(INDIRECT("'"&'DATA for charts'!D$5&"'!$d70"),$R20,0),"") -> 8.8592087 | E72: =IF(ISNUMBER(OFFSET(INDIRECT("'"&'DATA for charts'!E$5&"'!$d70"),$R20,0)),OFFSET(INDIRECT("'"&'DATA for charts'!E$5&"'!$d70"),$R20,0),"") -> 8.238 | F72: =IF(ISNUMBER(OFFSET(INDIRECT("'"&'DATA for charts'!F$5&"'!$d70"),$R20,0)),OFFSET(INDIRECT("'"&'DATA for charts'!F$5&"'!$d70"),$R20,0),"") -> 9.1188013 | G72: =IF(ISNUMBER(OFFSET(INDIRECT("'"&'DATA for charts'!G$5&"'!$d70"),$R20,0)),OFFSET(INDIRECT("'"&'DATA for charts'!G$5&"'!$d70"),$R20,0),"") -> 9.1214 | H72: =IF(ISNUMBER(OFFSET(INDIRECT("'"&'DATA for charts'!H$5&"'!$d70"),$R20,0)),OFFSET(INDIRECT("'"&'DATA for charts'!H$5&"'!$d70"),$R20,0),"") -> 8.85129 | I72: =MIN(C72:H72) -> 8.238 | J72: =MAX(C72:H72) -> 9.13 | K72: =AVERAGE(C72:H72) -> 8.88645 | L72: =ABS((J72-I72)/K72) -> 0.10037754 | N72: =IF(ISNUMBER(YourData!$D79),YourData!$D79,"")
B73: 695 Case 685 with Increased Insulation | C73: =IF(ISNUMBER(OFFSET(INDIRECT("'"&'DATA for charts'!C$5&"'!$d70"),$R21,0)),OFFSET(INDIRECT("'"&'DATA for charts'!C$5&"'!$d70"),$R21,0),"") -> 8.755 | D73: =IF(ISNUMBER(OFFSET(INDIRECT("'"&'DATA for charts'!D$5&"'!$d70"),$R21,0)),OFFSET(INDIRECT("'"&'DATA for charts'!D$5&"'!$d70"),$R21,0),"") -> 8.9741106 | E73: =IF(ISNUMBER(OFFSET(INDIRECT("'"&'DATA for charts'!E$5&"'!$d70"),$R21,0)),OFFSET(INDIRECT("'"&'DATA for charts'!E$5&"'!$d70"),$R21,0),"") -> 8.386 | F73: =IF(ISNUMBER(OFFSET(INDIRECT("'"&'DATA for charts'!F$5&"'!$d70"),$R21,0)),OFFSET(INDIRECT("'"&'DATA for charts'!F$5&"'!$d70"),$R21,0),"") -> 9.1715601 | G73: =IF(ISNUMBER(OFFSET(INDIRECT("'"&'DATA for charts'!G$5&"'!$d70"),$R21,0)),OFFSET(INDIRECT("'"&'DATA for charts'!G$5&"'!$d70"),$R21,0),"") -> 9.149 | H73: =IF(ISNUMBER(OFFSET(INDIRECT("'"&'DATA for charts'!H$5&"'!$d70"),$R21,0)),OFFSET(INDIRECT("'"&'DATA for charts'!H$5&"'!$d70"),$R21,0),"") -> 9.03907 | I73: =MIN(C73:H73) -> 8.386 | J73: =MAX(C73:H73) -> 9.1715601 | K73: =AVERAGE(C73:H73) -> 8.9124568 | L73: =ABS((J73-I73)/K73) -> 0.088141808 | N73: =IF(ISNUMBER(YourData!$D80),YourData!$D80,"")
B74: 900 South Windows | C74: =IF(ISNUMBER(OFFSET(INDIRECT("'"&'DATA for charts'!C$5&"'!$d70"),$R22,0)),OFFSET(INDIRECT("'"&'DATA for charts'!C$5&"'!$d70"),$R22,0),"") -> 2.714 | D74: =IF(ISNUMBER(OFFSET(INDIRECT("'"&'DATA for charts'!D$5&"'!$d70"),$R22,0)),OFFSET(INDIRECT("'"&'DATA for charts'!D$5&"'!$d70"),$R22,0),"") -> 2.4638258 | E74: =IF(ISNUMBER(OFFSET(INDIRECT("'"&'DATA for charts'!E$5&"'!$d70"),$R22,0)),OFFSET(INDIRECT("'"&'DATA for charts'!E$5&"'!$d70"),$R22,0),"") -> 2.383 | F74: =IF(ISNUMBER(OFFSET(INDIRECT("'"&'DATA for charts'!F$5&"'!$d70"),$R22,0)),OFFSET(INDIRECT("'"&'DATA for charts'!F$5&"'!$d70"),$R22,0),"") -> 2.4887414 | G74: =IF(ISNUMBER(OFFSET(INDIRECT("'"&'DATA for charts'!G$5&"'!$d70"),$R22,0)),OFFSET(INDIRECT("'"&'DATA for charts'!G$5&"'!$d70"),$R22,0),"") -> 2.4877 | H74: =IF(ISNUMBER(OFFSET(INDIRECT("'"&'DATA for charts'!H$5&"'!$d70"),$R22,0)),OFFSET(INDIRECT("'"&'DATA for charts'!H$5&"'!$d70"),$R22,0),"") -> 2.26713 | I74: =MIN(C74:H74) -> 2.26713 | J74: =MAX(C74:H74) -> 2.714 | K74: =AVERAGE(C74:H74) -> 2.4673995 | L74: =ABS((J74-I74)/K74) -> 0.1811097 | N74: =IF(ISNUMBER(YourData!$D81),YourData!$D81,"")
... B108: 810 High Mass Cavity Albedo | C108: =IF(ISNUMBER(OFFSET(INDIRECT("'"&'DATA for charts'!C$5&"'!$d70"),$R56,0)),OFFSET(INDIRECT("'"&'DATA for charts'!C$5&"'!$d70"),$R56,0),"") | D108: =IF(ISNUMBER(OFFSET(INDIRECT("'"&'DATA for charts'!D$5&"'!$d70"),$R56,0)),OFFSET(INDIRECT("'"&'DATA for charts'!D$5&"'!$d70"),$R56,0),"") -> 1.4807032 | E108: =IF(ISNUMBER(OFFSET(INDIRECT("'"&'DATA for charts'!E$5&"'!$d70"),$R56,0)),OFFSET(INDIRECT("'"&'DATA for charts'!E$5&"'!$d70"),$R56,0),"") -> 1.357 | F108: =IF(ISNUMBER(OFFSET(INDIRECT("'"&'DATA for charts'!F$5&"'!$d70"),$R56,0)),OFFSET(INDIRECT("'"&'DATA for charts'!F$5&"'!$d70"),$R56,0),"") -> 1.507796 | G108: =IF(ISNUMBER(OFFSET(INDIRECT("'"&'DATA for charts'!G$5&"'!$d70"),$R56,0)),OFFSET(INDIRECT("'"&'DATA for charts'!G$5&"'!$d70"),$R56,0),"") -> 1.6056 | H108: =IF(ISNUMBER(OFFSET(INDIRECT("'"&'DATA for charts'!H$5&"'!$d70"),$R56,0)),OFFSET(INDIRECT("'"&'DATA for charts'!H$5&"'!$d70"),$R56,0),"") -> 1.29452 | I108: =MIN(C108:H108) -> 1.29452 | J108: =MAX(C108:H108) -> 1.6056 | K108: =AVERAGE(C108:H108) -> 1.4491238 | L108: =ABS((J108-I108)/K108) -> 0.21466764 | N108: =IF(ISNUMBER(YourData!$D115),YourData!$D115,"")
B109: ** ABS[ (Max-Min) / (Mean of Example Simulation Results) ]

Sheet Tables 2
B1: ='Title Page'!$B$30 -> ASHRAE Standard 140-2023, Informative Annex B8, Section B8.1
B2: ='Title Page'!$B$32 -> Example Results for Section 7 - Building Thermal Envelope and Fabric Load Cases 195-995 & 600FF-980FF
B3: ='Title Page'!$B$34
G4: Note: The statistics in the tables below are based on the listed example results.
G5: These statistics do not have any substantial importance and are not to be interpreted as acceptance criteria.
B7: Table B8-3. Annual Hourly Integrated Peak Heating Loads
B8: Simulation Model: | C8: ='DATA for charts'!C6 -> BSIMAC | G8: ='DATA for charts'!D6 -> CSE | K8: ='DATA for charts'!E6 -> DeST | O8: ='DATA for charts'!F6 -> EnergyPlus | S8: ='DATA for charts'!G6 -> ESP-r | W8: ='DATA for charts'!H6 -> TRNSYS | AA8: Example Result Statistics | AG8: ='DATA for charts'!$S$6 -> Tested Prg
C9: ='DATA for charts'!C7 | G9: ='DATA for charts'!D7 | K9: ='DATA for charts'!E7 | O9: ='DATA for charts'!F7 | S9: ='DATA for charts'!G7 | W9: ='DATA for charts'!H7 | AA9: Min | AB9: Max | AC9: Mean | AD9: (Max-Min)/ | AG9: ='DATA for charts'!$S$7
B10: Case | C10: kW | D10: Mo. | E10: Day | F10: Hr | G10: kW | H10: Mo. | I10: Day | J10: Hr | K10: kW | L10: Mo. | M10: Day | N10: Hr | O10: kW | P10: Mo. | Q10: Day | R10: Hr | S10: kW | T10: Mo. | U10: Day | V10: Hr | W10: kW | X10: Mo. | Y10: Day | Z10: Hr | AA10: kW | AB10: kW | AC10: kW | AD10: Mean** (%) | AF10: kW | AG10: Mo. | AH10: Day | AI10: Hr
B11: 600 Base Case, South Windows | C11: =IF(ISNUMBER(OFFSET(INDIRECT("'"&'DATA for charts'!$C$5&"'!$e70"),$AM11,0)),OFFSET(INDIRECT("'"&'DATA for charts'!$C$5&"'!$e70"),$AM11,0),"") -> 3.255 | D11: =IF(ISBLANK(OFFSET(INDIRECT("'"&'DATA for charts'!$C$5&"'!$f70"),$AM11,0)),"",(OFFSET(INDIRECT("'"&'DATA for charts'!$C$5&"'!$f70"),$AM11,0))) -> Nov | E11: =IF(ISNUMBER(OFFSET(INDIRECT("'"&'DATA for charts'!$C$5&"'!$g70"),$AM11,0)),OFFSET(INDIRECT("'"&'DATA for charts'!$C$5&"'!$g70"),$AM11,0),"") -> 26 | F11: =IF(ISNUMBER(OFFSET(INDIRECT("'"&'DATA for charts'!$C$5&"'!$h70"),$AM11,0)),OFFSET(INDIRECT("'"&'DATA for charts'!$C$5&"'!$h70"),$AM11,0),"") -> 8 | G11: =IF(ISNUMBER(OFFSET(INDIRECT("'"&'DATA for charts'!$D$5&"'!$e70"),$AM11,0)),OFFSET(INDIRECT("'"&'DATA for charts'!$D$5&"'!$e70"),$AM11,0),"") -> 3.020233 | H11: =IF(ISBLANK(OFFSET(INDIRECT("'"&'DATA for charts'!$D$5&"'!$f70"),$AM11,0)),"",(OFFSET(INDIRECT("'"&'DATA for charts'!$D$5&"'!$f70"),$AM11,0))) -> Jan | I11: =IF(ISNUMBER(OFFSET(INDIRECT("'"&'DATA for charts'!$D$5&"'!$g70"),$AM11,0)),OFFSET(INDIRECT("'"&'DATA for charts'!$D$5&"'!$g70"),$AM11,0),"") -> 1 | J11: =IF(ISNUMBER(OFFSET(INDIRECT("'"&'DATA for charts'!$D$5&"'!$h70"),$AM11,0)),OFFSET(INDIRECT("'"&'DATA for charts'!$D$5&"'!$h70"),$AM11,0),"") -> 1 | K11: =IF(ISNUMBER(OFFSET(INDIRECT("'"&'DATA for charts'!$E$5&"'!$e70"),$AM11,0)),OFFSET(INDIRECT("'"&'DATA for charts'!$E$5&"'!$e70"),$AM11,0),"") -> 3.035 | L11: =IF(ISBLANK(OFFSET(INDIRECT("'"&'DATA for charts'!$E$5&"'!$f70"),$AM11,0)),"",(OFFSET(INDIRECT("'"&'DATA for charts'!$E$5&"'!$f70"),$AM11,0))) -> Jan | M11: =IF(ISNUMBER(OFFSET(INDIRECT("'"&'DATA for charts'!$E$5&"'!$g70"),$AM11,0)),OFFSET(INDIRECT("'"&'DATA for charts'!$E$5&"'!$g70"),$AM11,0),"") -> 1 | N11: =IF(ISNUMBER(OFFSET(INDIRECT("'"&'DATA for charts'!$E$5&"'!$h70"),$AM11,0)),OFFSET(INDIRECT("'"&'DATA for charts'!$E$5&"'!$h70"),$AM11,0),"") -> 0 | O11: =IF(ISNUMBER(OFFSET(INDIRECT("'"&'DATA for charts'!$F$5&"'!$e70"),$AM11,0)),OFFSET(INDIRECT("'"&'DATA for charts'!$F$5&"'!$e70"),$AM11,0),"") -> 3.2044263 | P11: =IF(ISBLANK(OFFSET(INDIRECT("'"&'DATA for charts'!$F$5&"'!$f70"),$AM11,0)),"",(OFFSET(INDIRECT("'"&'DATA for charts'!$F$5&"'!$f70"),$AM11,0))) -> Dec | Q11: =IF(ISNUMBER(OFFSET(INDIRECT("'"&'DATA for charts'!$F$5&"'!$g70"),$AM11,0)),OFFSET(INDIRECT("'"&'DATA for charts'!$F$5&"'!$g70"),$AM11,0),"") -> 31 | R11: =IF(ISNUMBER(OFFSET(INDIRECT("'"&'DATA for charts'!$F$5&"'!$h70"),$AM11,0)),OFFSET(INDIRECT("'"&'DATA for charts'!$F$5&"'!$h70"),$AM11,0),"") -> 24 | S11: =IF(ISNUMBER(OFFSET(INDIRECT("'"&'DATA for charts'!$G$5&"'!$e70"),$AM11,0)),OFFSET(INDIRECT("'"&'DATA for charts'!$G$5&"'!$e70"),$AM11,0),"") -> 3.228 | T11: =IF(ISBLANK(OFFSET(INDIRECT("'"&'DATA for charts'!$G$5&"'!$f70"),$AM11,0)),"",(OFFSET(INDIRECT("'"&'DATA for charts'!$G$5&"'!$f70"),$AM11,0))) -> Jan | U11: =IF(ISNUMBER(OFFSET(INDIRECT("'"&'DATA for charts'!$G$5&"'!$g70"),$AM11,0)),OFFSET(INDIRECT("'"&'DATA for charts'!$G$5&"'!$g70"),$AM11,0),"") -> 1 | V11: =IF(ISNUMBER(OFFSET(INDIRECT("'"&'DATA for charts'!$G$5&"'!$h70"),$AM11,0)),OFFSET(INDIRECT("'"&'DATA for charts'!$G$5&"'!$h70"),$AM11,0),"") -> 1 | W11: =IF(ISNUMBER(OFFSET(INDIRECT("'"&'DATA for charts'!$H$5&"'!$e70"),$AM11,0)),OFFSET(INDIRECT("'"&'DATA for charts'!$H$5&"'!$e70"),$AM11,0),"") -> 3.3588931 | X11: =IF(ISBLANK(OFFSET(INDIRECT("'"&'DATA for charts'!$H$5&"'!$f70"),$AM11,0)),"",(OFFSET(INDIRECT("'"&'DATA for charts'!$H$5&"'!$f70"),$AM11,0))) -> Jan | Y11: =IF(ISNUMBER(OFFSET(INDIRECT("'"&'DATA for charts'!$H$5&"'!$g70"),$AM11,0)),OFFSET(INDIRECT("'"&'DATA for charts'!$H$5&"'!$g70"),$AM11,0),"") -> 1 | Z11: =IF(ISNUMBER(OFFSET(INDIRECT("'"&'DATA for charts'!$H$5&"'!$h70"),$AM11,0)),OFFSET(INDIRECT("'"&'DATA for charts'!$H$5&"'!$h70"),$AM11,0),"") -> 1 | AA11: =MIN(C11,G11,K11,O11,S11,W11) -> 3.020233 | AB11: =MAX(C11,G11,K11,O11,S11,W11) -> 3.3588931 | AC11: =AVERAGE(C11,G11,K11,O11,S11,W11) -> 3.1835921 | AD11: =IF(AC11=0,"----",ABS((AB11-AA11)/AC11)) -> 0.10637673 | AF11: =IF(ISNUMBER(YourData!$E70),YourData!$E70,"") | AG11: =IF(ISBLANK(YourData!$F70),"",YourData!$F70) | AH11: =IF(ISNUMBER(YourData!$G70),YourData!$G70,"") | AI11: =IF(ISNUMBER(YourData!$H70),YourData!$H70,"") | AL11: 0 | AM11: 0
B12: 610 S. Windows + Overhang | C12: =IF(ISNUMBER(OFFSET(INDIRECT("'"&'DATA for charts'!$C$5&"'!$e70"),$AM12,0)),OFFSET(INDIRECT("'"&'DATA for charts'!$C$5&"'!$e70"),$AM12,0),"") -> 3.166 | D12: =IF(ISBLANK(OFFSET(INDIRECT("'"&'DATA for charts'!$C$5&"'!$f70"),$AM12,0)),"",(OFFSET(INDIRECT("'"&'DATA for charts'!$C$5&"'!$f70"),$AM12,0))) -> Nov | E12: =IF(ISNUMBER(OFFSET(INDIRECT("'"&'DATA for charts'!$C$5&"'!$g70"),$AM12,0)),OFFSET(INDIRECT("'"&'DATA for charts'!$C$5&"'!$g70"),$AM12,0),"") -> 26 | F12: =IF(ISNUMBER(OFFSET(INDIRECT("'"&'DATA for charts'!$C$5&"'!$h70"),$AM12,0)),OFFSET(INDIRECT("'"&'DATA for charts'!$C$5&"'!$h70"),$AM12,0),"") -> 8 | G12: =IF(ISNUMBER(OFFSET(INDIRECT("'"&'DATA for charts'!$D$5&"'!$e70"),$AM12,0)),OFFSET(INDIRECT("'"&'DATA for charts'!$D$5&"'!$e70"),$AM12,0),"") -> 3.020759 | H12: =IF(ISBLANK(OFFSET(INDIRECT("'"&'DATA for charts'!$D$5&"'!$f70"),$AM12,0)),"",(OFFSET(INDIRECT("'"&'DATA for charts'!$D$5&"'!$f70"),$AM12,0))) -> Jan | I12: =IF(ISNUMBER(OFFSET(INDIRECT("'"&'DATA for charts'!$D$5&"'!$g70"),$AM12,0)),OFFSET(INDIRECT("'"&'DATA for charts'!$D$5&"'!$g70"),$AM12,0),"") -> 1 | J12: =IF(ISNUMBER(OFFSET(INDIRECT("'"&'DATA for charts'!$D$5&"'!$h70"),$AM12,0)),OFFSET(INDIRECT("'"&'DATA for charts'!$D$5&"'!$h70"),$AM12,0),"") -> 1 | K12: =IF(ISNUMBER(OFFSET(INDIRECT("'"&'DATA for charts'!$E$5&"'!$e70"),$AM12,0)),OFFSET(INDIRECT("'"&'DATA for charts'!$E$5&"'!$e70"),$AM12,0),"") -> 3.039 | L12: =IF(ISBLANK(OFFSET(INDIRECT("'"&'DATA for charts'!$E$5&"'!$f70"),$AM12,0)),"",(OFFSET(INDIRECT("'"&'DATA for charts'!$E$5&"'!$f70"),$AM12,0))) -> Jan | M12: =IF(ISNUMBER(OFFSET(INDIRECT("'"&'DATA for charts'!$E$5&"'!$g70"),$AM12,0)),OFFSET(INDIRECT("'"&'DATA for charts'!$E$5&"'!$g70"),$AM12,0),"") -> 1 | N12: =IF(ISNUMBER(OFFSET(INDIRECT("'"&'DATA for charts'!$E$5&"'!$h70"),$AM12,0)),OFFSET(INDIRECT("'"&'DATA for charts'!$E$5&"'!$h70"),$AM12,0),"") -> 0 | O12: =IF(ISNUMBER(OFFSET(INDIRECT("'"&'DATA for charts'!$F$5&"'!$e70"),$AM12,0)),OFFSET(INDIRECT("'"&'DATA for charts'!$F$5&"'!$e70"),$AM12,0),"") -> 3.1918424 | P12: =IF(ISBLANK(OFFSET(INDIRECT("'"&'DATA for charts'!$F$5&"'!$f70"),$AM12,0)),"",(OFFSET(INDIRECT("'"&'DATA for charts'!$F$5&"'!$f70"),$AM12,0))) -> Dec | Q12: =IF(ISNUMBER(OFFSET(INDIRECT("'"&'DATA for charts'!$F$5&"'!$g70"),$AM12,0)),OFFSET(INDIRECT("'"&'DATA for charts'!$F$5&"'!$g70"),$AM12,0),"") -> 31 | R12: =IF(ISNUMBER(OFFSET(INDIRECT("'"&'DATA for charts'!$F$5&"'!$h70"),$AM12,0)),OFFSET(INDIRECT("'"&'DATA for charts'!$F$5&"'!$h70"),$AM12,0),"") -> 24 | S12: =IF(ISNUMBER(OFFSET(INDIRECT("'"&'DATA for charts'!$G$5&"'!$e70"),$AM12,0)),OFFSET(INDIRECT("'"&'DATA for charts'!$G$5&"'!$e70"),$AM12,0),"") -> 3.233 | T12: =IF(ISBLANK(OFFSET(INDIRECT("'"&'DATA for charts'!$G$5&"'!$f70"),$AM12,0)),"",(OFFSET(INDIRECT("'"&'DATA for charts'!$G$5&"'!$f70"),$AM12,0))) -> Jan | U12: =IF(ISNUMBER(OFFSET(INDIRECT("'"&'DATA for charts'!$G$5&"'!$g70"),$AM12,0)),OFFSET(INDIRECT("'"&'DATA for charts'!$G$5&"'!$g70"),$AM12,0),"") -> 1 | V12: =IF(ISNUMBER(OFFSET(INDIRECT("'"&'DATA for charts'!$G$5&"'!$h70"),$AM12,0)),OFFSET(INDIRECT("'"&'DATA for charts'!$G$5&"'!$h70"),$AM12,0),"") -> 1 | W12: =IF(ISNUMBER(OFFSET(INDIRECT("'"&'DATA for charts'!$H$5&"'!$e70"),$AM12,0)),OFFSET(INDIRECT("'"&'DATA for charts'!$H$5&"'!$e70"),$AM12,0),"") -> 3.3595023 | X12: =IF(ISBLANK(OFFSET(INDIRECT("'"&'DATA for charts'!$H$5&"'!$f70"),$AM12,0)),"",(OFFSET(INDIRECT("'"&'DATA for charts'!$H$5&"'!$f70"),$AM12,0))) -> Jan | Y12: =IF(ISNUMBER(OFFSET(INDIRECT("'"&'DATA for charts'!$H$5&"'!$g70"),$AM12,0)),OFFSET(INDIRECT("'"&'DATA for charts'!$H$5&"'!$g70"),$AM12,0),"") -> 1 | Z12: =IF(ISNUMBER(OFFSET(INDIRECT("'"&'DATA for charts'!$H$5&"'!$h70"),$AM12,0)),OFFSET(INDIRECT("'"&'DATA for charts'!$H$5&"'!$h70"),$AM12,0),"") -> 1 | AA12: =MIN(C12,G12,K12,O12,S12,W12) -> 3.020759 | AB12: =MAX(C12,G12,K12,O12,S12,W12) -> 3.3595023 | AC12: =AVERAGE(C12,G12,K12,O12,S12,W12) -> 3.1683506 | AD12: =IF(AC12=0,"----",ABS((AB12-AA12)/AC12)) -> 0.10691472 | AF12: =IF(ISNUMBER(YourData!$E71),YourData!$E71,"") | AG12: =IF(ISBLANK(YourData!$F71),"",YourData!$F71) | AH12: =IF(ISNUMBER(YourData!$G71),YourData!$G71,"") | AI12: =IF(ISNUMBER(YourData!$H71),YourData!$H71,"") | AL12: =AL11+1 -> 1 | AM12: =AM11+1 -> 1
B13: 620 East & West Windows | C13: =IF(ISNUMBER(OFFSET(INDIRECT("'"&'DATA for charts'!$C$5&"'!$e70"),$AM13,0)),OFFSET(INDIRECT("'"&'DATA for charts'!$C$5&"'!$e70"),$AM13,0),"") -> 3.145 | D13: =IF(ISBLANK(OFFSET(INDIRECT("'"&'DATA for charts'!$C$5&"'!$f70"),$AM13,0)),"",(OFFSET(INDIRECT("'"&'DATA for charts'!$C$5&"'!$f70"),$AM13,0))) -> Dec | E13: =IF(ISNUMBER(OFFSET(INDIRECT("'"&'DATA for charts'!$C$5&"'!$g70"),$AM13,0)),OFFSET(INDIRECT("'"&'DATA for charts'!$C$5&"'!$g70"),$AM13,0),"") -> 31 | F13: =IF(ISNUMBER(OFFSET(INDIRECT("'"&'DATA for charts'!$C$5&"'!$h70"),$AM13,0)),OFFSET(INDIRECT("'"&'DATA for charts'!$C$5&"'!$h70"),$AM13,0),"") -> 24 | G13: =IF(ISNUMBER(OFFSET(INDIRECT("'"&'DATA for charts'!$D$5&"'!$e70"),$AM13,0)),OFFSET(INDIRECT("'"&'DATA for charts'!$D$5&"'!$e70"),$AM13,0),"") -> 3.03786 | H13: =IF(ISBLANK(OFFSET(INDIRECT("'"&'DATA for charts'!$D$5&"'!$f70"),$AM13,0)),"",(OFFSET(INDIRECT("'"&'DATA for charts'!$D$5&"'!$f70"),$AM13,0))) -> Jan | I13: =IF(ISNUMBER(OFFSET(INDIRECT("'"&'DATA for charts'!$D$5&"'!$g70"),$AM13,0)),OFFSET(INDIRECT("'"&'DATA for charts'!$D$5&"'!$g70"),$AM13,0),"") -> 1 | J13: =IF(ISNUMBER(OFFSET(INDIRECT("'"&'DATA for charts'!$D$5&"'!$h70"),$AM13,0)),OFFSET(INDIRECT("'"&'DATA for charts'!$D$5&"'!$h70"),$AM13,0),"") -> 1 | K13: =IF(ISNUMBER(OFFSET(INDIRECT("'"&'DATA for charts'!$E$5&"'!$e70"),$AM13,0)),OFFSET(INDIRECT("'"&'DATA for charts'!$E$5&"'!$e70"),$AM13,0),"") -> 3.068 | L13: =IF(ISBLANK(OFFSET(INDIRECT("'"&'DATA for charts'!$E$5&"'!$f70"),$AM13,0)),"",(OFFSET(INDIRECT("'"&'DATA for charts'!$E$5&"'!$f70"),$AM13,0))) -> Jan | M13: =IF(ISNUMBER(OFFSET(INDIRECT("'"&'DATA for charts'!$E$5&"'!$g70"),$AM13,0)),OFFSET(INDIRECT("'"&'DATA for charts'!$E$5&"'!$g70"),$AM13,0),"") -> 1 | N13: =IF(ISNUMBER(OFFSET(INDIRECT("'"&'DATA for charts'!$E$5&"'!$h70"),$AM13,0)),OFFSET(INDIRECT("'"&'DATA for charts'!$E$5&"'!$h70"),$AM13,0),"") -> 0 | O13: =IF(ISNUMBER(OFFSET(INDIRECT("'"&'DATA for charts'!$F$5&"'!$e70"),$AM13,0)),OFFSET(INDIRECT("'"&'DATA for charts'!$F$5&"'!$e70"),$AM13,0),"") -> 3.2291222 | P13: =IF(ISBLANK(OFFSET(INDIRECT("'"&'DATA for charts'!$F$5&"'!$f70"),$AM13,0)),"",(OFFSET(INDIRECT("'"&'DATA for charts'!$F$5&"'!$f70"),$AM13,0))) -> Dec | Q13: =IF(ISNUMBER(OFFSET(INDIRECT("'"&'DATA for charts'!$F$5&"'!$g70"),$AM13,0)),OFFSET(INDIRECT("'"&'DATA for charts'!$F$5&"'!$g70"),$AM13,0),"") -> 31 | R13: =IF(ISNUMBER(OFFSET(INDIRECT("'"&'DATA for charts'!$F$5&"'!$h70"),$AM13,0)),OFFSET(INDIRECT("'"&'DATA for charts'!$F$5&"'!$h70"),$AM13,0),"") -> 24 | S13: =IF(ISNUMBER(OFFSET(INDIRECT("'"&'DATA for charts'!$G$5&"'!$e70"),$AM13,0)),OFFSET(INDIRECT("'"&'DATA for charts'!$G$5&"'!$e70"),$AM13,0),"") -> 3.253 | T13: =IF(ISBLANK(OFFSET(INDIRECT("'"&'DATA for charts'!$G$5&"'!$f70"),$AM13,0)),"",(OFFSET(INDIRECT("'"&'DATA for charts'!$G$5&"'!$f70"),$AM13,0))) -> Jan | U13: =IF(ISNUMBER(OFFSET(INDIRECT("'"&'DATA for charts'!$G$5&"'!$g70"),$AM13,0)),OFFSET(INDIRECT("'"&'DATA for charts'!$G$5&"'!$g70"),$AM13,0),"") -> 1 | V13: =IF(ISNUMBER(OFFSET(INDIRECT("'"&'DATA for charts'!$G$5&"'!$h70"),$AM13,0)),OFFSET(INDIRECT("'"&'DATA for charts'!$G$5&"'!$h70"),$AM13,0),"") -> 1 | W13: =IF(ISNUMBER(OFFSET(INDIRECT("'"&'DATA for charts'!$H$5&"'!$e70"),$AM13,0)),OFFSET(INDIRECT("'"&'DATA for charts'!$H$5&"'!$e70"),$AM13,0),"") -> 3.3845917 | X13: =IF(ISBLANK(OFFSET(INDIRECT("'"&'DATA for charts'!$H$5&"'!$f70"),$AM13,0)),"",(OFFSET(INDIRECT("'"&'DATA for charts'!$H$5&"'!$f70"),$AM13,0))) -> Jan | Y13: =IF(ISNUMBER(OFFSET(INDIRECT("'"&'DATA for charts'!$H$5&"'!$g70"),$AM13,0)),OFFSET(INDIRECT("'"&'DATA for charts'!$H$5&"'!$g70"),$AM13,0),"") -> 1 | Z13: =IF(ISNUMBER(OFFSET(INDIRECT("'"&'DATA for charts'!$H$5&"'!$h70"),$AM13,0)),OFFSET(INDIRECT("'"&'DATA for charts'!$H$5&"'!$h70"),$AM13,0),"") -> 1 | AA13: =MIN(C13,G13,K13,O13,S13,W13) -> 3.03786 | AB13: =MAX(C13,G13,K13,O13,S13,W13) -> 3.3845917 | AC13: =AVERAGE(C13,G13,K13,O13,S13,W13) -> 3.1862623 | AD13: =IF(AC13=0,"----",ABS((AB13-AA13)/AC13)) -> 0.10882082 | AF13: =IF(ISNUMBER(YourData!$E72),YourData!$E72,"") | AG13: =IF(ISBLANK(YourData!$F72),"",YourData!$F72) | AH13: =IF(ISNUMBER(YourData!$G72),YourData!$G72,"") | AI13: =IF(ISNUMBER(YourData!$H72),YourData!$H72,"") | AL13: 2 | AM13: =AM12+1 -> 2
B14: 630 E&W Windows + Overhang & Fins | C14: =IF(ISNUMBER(OFFSET(INDIRECT("'"&'DATA for charts'!$C$5&"'!$e70"),$AM14,0)),OFFSET(INDIRECT("'"&'DATA for charts'!$C$5&"'!$e70"),$AM14,0),"") -> 3.252 | D14: =IF(ISBLANK(OFFSET(INDIRECT("'"&'DATA for charts'!$C$5&"'!$f70"),$AM14,0)),"",(OFFSET(INDIRECT("'"&'DATA for charts'!$C$5&"'!$f70"),$AM14,0))) -> Dec | E14: =IF(ISNUMBER(OFFSET(INDIRECT("'"&'DATA for charts'!$C$5&"'!$g70"),$AM14,0)),OFFSET(INDIRECT("'"&'DATA for charts'!$C$5&"'!$g70"),$AM14,0),"") -> 31 | F14: =IF(ISNUMBER(OFFSET(INDIRECT("'"&'DATA for charts'!$C$5&"'!$h70"),$AM14,0)),OFFSET(INDIRECT("'"&'DATA for charts'!$C$5&"'!$h70"),$AM14,0),"") -> 24 | G14: =IF(ISNUMBER(OFFSET(INDIRECT("'"&'DATA for charts'!$D$5&"'!$e70"),$AM14,0)),OFFSET(INDIRECT("'"&'DATA for charts'!$D$5&"'!$e70"),$AM14,0),"") -> 3.039372 | H14: =IF(ISBLANK(OFFSET(INDIRECT("'"&'DATA for charts'!$D$5&"'!$f70"),$AM14,0)),"",(OFFSET(INDIRECT("'"&'DATA for charts'!$D$5&"'!$f70"),$AM14,0))) -> Jan | I14: =IF(ISNUMBER(OFFSET(INDIRECT("'"&'DATA for charts'!$D$5&"'!$g70"),$AM14,0)),OFFSET(INDIRECT("'"&'DATA for charts'!$D$5&"'!$g70"),$AM14,0),"") -> 1 | J14: =IF(ISNUMBER(OFFSET(INDIRECT("'"&'DATA for charts'!$D$5&"'!$h70"),$AM14,0)),OFFSET(INDIRECT("'"&'DATA for charts'!$D$5&"'!$h70"),$AM14,0),"") -> 1 | K14: =IF(ISNUMBER(OFFSET(INDIRECT("'"&'DATA for charts'!$E$5&"'!$e70"),$AM14,0)),OFFSET(INDIRECT("'"&'DATA for charts'!$E$5&"'!$e70"),$AM14,0),"") -> 3.072 | L14: =IF(ISBLANK(OFFSET(INDIRECT("'"&'DATA for charts'!$E$5&"'!$f70"),$AM14,0)),"",(OFFSET(INDIRECT("'"&'DATA for charts'!$E$5&"'!$f70"),$AM14,0))) -> Jan | M14: =IF(ISNUMBER(OFFSET(INDIRECT("'"&'DATA for charts'!$E$5&"'!$g70"),$AM14,0)),OFFSET(INDIRECT("'"&'DATA for charts'!$E$5&"'!$g70"),$AM14,0),"") -> 1 | N14: =IF(ISNUMBER(OFFSET(INDIRECT("'"&'DATA for charts'!$E$5&"'!$h70"),$AM14,0)),OFFSET(INDIRECT("'"&'DATA for charts'!$E$5&"'!$h70"),$AM14,0),"") -> 0 | O14: =IF(ISNUMBER(OFFSET(INDIRECT("'"&'DATA for charts'!$F$5&"'!$e70"),$AM14,0)),OFFSET(INDIRECT("'"&'DATA for charts'!$F$5&"'!$e70"),$AM14,0),"") -> 3.2065583 | P14: =IF(ISBLANK(OFFSET(INDIRECT("'"&'DATA for charts'!$F$5&"'!$f70"),$AM14,0)),"",(OFFSET(INDIRECT("'"&'DATA for charts'!$F$5&"'!$f70"),$AM14,0))) -> Dec | Q14: =IF(ISNUMBER(OFFSET(INDIRECT("'"&'DATA for charts'!$F$5&"'!$g70"),$AM14,0)),OFFSET(INDIRECT("'"&'DATA for charts'!$F$5&"'!$g70"),$AM14,0),"") -> 31 | R14: =IF(ISNUMBER(OFFSET(INDIRECT("'"&'DATA for charts'!$F$5&"'!$h70"),$AM14,0)),OFFSET(INDIRECT("'"&'DATA for charts'!$F$5&"'!$h70"),$AM14,0),"") -> 24 | S14: =IF(ISNUMBER(OFFSET(INDIRECT("'"&'DATA for charts'!$G$5&"'!$e70"),$AM14,0)),OFFSET(INDIRECT("'"&'DATA for charts'!$G$5&"'!$e70"),$AM14,0),"") -> 3.259 | T14: =IF(ISBLANK(OFFSET(INDIRECT("'"&'DATA for charts'!$G$5&"'!$f70"),$AM14,0)),"",(OFFSET(INDIRECT("'"&'DATA for charts'!$G$5&"'!$f70"),$AM14,0))) -> Jan | U14: =IF(ISNUMBER(OFFSET(INDIRECT("'"&'DATA for charts'!$G$5&"'!$g70"),$AM14,0)),OFFSET(INDIRECT("'"&'DATA for charts'!$G$5&"'!$g70"),$AM14,0),"") -> 1 | V14: =IF(ISNUMBER(OFFSET(INDIRECT("'"&'DATA for charts'!$G$5&"'!$h70"),$AM14,0)),OFFSET(INDIRECT("'"&'DATA for charts'!$G$5&"'!$h70"),$AM14,0),"") -> 1 | W14: =IF(ISNUMBER(OFFSET(INDIRECT("'"&'DATA for charts'!$H$5&"'!$e70"),$AM14,0)),OFFSET(INDIRECT("'"&'DATA for charts'!$H$5&"'!$e70"),$AM14,0),"") -> 3.3875536 | X14: =IF(ISBLANK(OFFSET(INDIRECT("'"&'DATA for charts'!$H$5&"'!$f70"),$AM14,0)),"",(OFFSET(INDIRECT("'"&'DATA for charts'!$H$5&"'!$f70"),$AM14,0))) -> Jan | Y14: =IF(ISNUMBER(OFFSET(INDIRECT("'"&'DATA for charts'!$H$5&"'!$g70"),$AM14,0)),OFFSET(INDIRECT("'"&'DATA for charts'!$H$5&"'!$g70"),$AM14,0),"") -> 1 | Z14: =IF(ISNUMBER(OFFSET(INDIRECT("'"&'DATA for charts'!$H$5&"'!$h70"),$AM14,0)),OFFSET(INDIRECT("'"&'DATA for charts'!$H$5&"'!$h70"),$AM14,0),"") -> 1 | AA14: =MIN(C14,G14,K14,O14,S14,W14) -> 3.039372 | AB14: =MAX(C14,G14,K14,O14,S14,W14) -> 3.3875536 | AC14: =AVERAGE(C14,G14,K14,O14,S14,W14) -> 3.2027473 | AD14: =IF(AC14=0,"----",ABS((AB14-AA14)/AC14)) -> 0.10871341 | AF14: =IF(ISNUMBER(YourData!$E73),YourData!$E73,"") | AG14: =IF(ISBLANK(YourData!$F73),"",YourData!$F73) | AH14: =IF(ISNUMBER(YourData!$G73),YourData!$G73,"") | AI14: =IF(ISNUMBER(YourData!$H73),YourData!$H73,"") | AL14: 3 | AM14: =AM13+1 -> 3
B15: 640 Case 600 with Htg. Temp. Setback | C15: =IF(ISNUMBER(OFFSET(INDIRECT("'"&'DATA for charts'!$C$5&"'!$e70"),$AM15,0)),OFFSET(INDIRECT("'"&'DATA for charts'!$C$5&"'!$e70"),$AM15,0),"") -> 4.633 | D15: =IF(ISBLANK(OFFSET(INDIRECT("'"&'DATA for charts'!$C$5&"'!$f70"),$AM15,0)),"",(OFFSET(INDIRECT("'"&'DATA for charts'!$C$5&"'!$f70"),$AM15,0))) -> Feb | E15: =IF(ISNUMBER(OFFSET(INDIRECT("'"&'DATA for charts'!$C$5&"'!$g70"),$AM15,0)),OFFSET(INDIRECT("'"&'DATA for charts'!$C$5&"'!$g70"),$AM15,0),"") -> 8 | F15: =IF(ISNUMBER(OFFSET(INDIRECT("'"&'DATA for charts'!$C$5&"'!$h70"),$AM15,0)),OFFSET(INDIRECT("'"&'DATA for charts'!$C$5&"'!$h70"),$AM15,0),"") -> 9 | G15: =IF(ISNUMBER(OFFSET(INDIRECT("'"&'DATA for charts'!$D$5&"'!$e70"),$AM15,0)),OFFSET(INDIRECT("'"&'DATA for charts'!$D$5&"'!$e70"),$AM15,0),"") -> 4.22246 | H15: =IF(ISBLANK(OFFSET(INDIRECT("'"&'DATA for charts'!$D$5&"'!$f70"),$AM15,0)),"",(OFFSET(INDIRECT("'"&'DATA for charts'!$D$5&"'!$f70"),$AM15,0))) -> Nov | I15: =IF(ISNUMBER(OFFSET(INDIRECT("'"&'DATA for charts'!$D$5&"'!$g70"),$AM15,0)),OFFSET(INDIRECT("'"&'DATA for charts'!$D$5&"'!$g70"),$AM15,0),"") -> 26 | J15: =IF(ISNUMBER(OFFSET(INDIRECT("'"&'DATA for charts'!$D$5&"'!$h70"),$AM15,0)),OFFSET(INDIRECT("'"&'DATA for charts'!$D$5&"'!$h70"),$AM15,0),"") -> 8 | K15: =IF(ISNUMBER(OFFSET(INDIRECT("'"&'DATA for charts'!$E$5&"'!$e70"),$AM15,0)),OFFSET(INDIRECT("'"&'DATA for charts'!$E$5&"'!$e70"),$AM15,0),"") -> 4.658 | L15: =IF(ISBLANK(OFFSET(INDIRECT("'"&'DATA for charts'!$E$5&"'!$f70"),$AM15,0)),"",(OFFSET(INDIRECT("'"&'DATA for charts'!$E$5&"'!$f70"),$AM15,0))) -> Nov | M15: =IF(ISNUMBER(OFFSET(INDIRECT("'"&'DATA for charts'!$E$5&"'!$g70"),$AM15,0)),OFFSET(INDIRECT("'"&'DATA for charts'!$E$5&"'!$g70"),$AM15,0),"") -> 26 | N15: =IF(ISNUMBER(OFFSET(INDIRECT("'"&'DATA for charts'!$E$5&"'!$h70"),$AM15,0)),OFFSET(INDIRECT("'"&'DATA for charts'!$E$5&"'!$h70"),$AM15,0),"") -> 7 | O15: =IF(ISNUMBER(OFFSET(INDIRECT("'"&'DATA for charts'!$F$5&"'!$e70"),$AM15,0)),OFFSET(INDIRECT("'"&'DATA for charts'!$F$5&"'!$e70"),$AM15,0),"") -> 4.5585333 | P15: =IF(ISBLANK(OFFSET(INDIRECT("'"&'DATA for charts'!$F$5&"'!$f70"),$AM15,0)),"",(OFFSET(INDIRECT("'"&'DATA for charts'!$F$5&"'!$f70"),$AM15,0))) -> Nov | Q15: =IF(ISNUMBER(OFFSET(INDIRECT("'"&'DATA for charts'!$F$5&"'!$g70"),$AM15,0)),OFFSET(INDIRECT("'"&'DATA for charts'!$F$5&"'!$g70"),$AM15,0),"") -> 26 | R15: =IF(ISNUMBER(OFFSET(INDIRECT("'"&'DATA for charts'!$F$5&"'!$h70"),$AM15,0)),OFFSET(INDIRECT("'"&'DATA for charts'!$F$5&"'!$h70"),$AM15,0),"") -> 8 | S15: =IF(ISNUMBER(OFFSET(INDIRECT("'"&'DATA for charts'!$G$5&"'!$e70"),$AM15,0)),OFFSET(INDIRECT("'"&'DATA for charts'!$G$5&"'!$e70"),$AM15,0),"") -> 4.101 | T15: =IF(ISBLANK(OFFSET(INDIRECT("'"&'DATA for charts'!$G$5&"'!$f70"),$AM15,0)),"",(OFFSET(INDIRECT("'"&'DATA for charts'!$G$5&"'!$f70"),$AM15,0))) -> Nov | U15: =IF(ISNUMBER(OFFSET(INDIRECT("'"&'DATA for charts'!$G$5&"'!$g70"),$AM15,0)),OFFSET(INDIRECT("'"&'DATA for charts'!$G$5&"'!$g70"),$AM15,0),"") -> 26 | V15: =IF(ISNUMBER(OFFSET(INDIRECT("'"&'DATA for charts'!$G$5&"'!$h70"),$AM15,0)),OFFSET(INDIRECT("'"&'DATA for charts'!$G$5&"'!$h70"),$AM15,0),"") -> 8 | W15: =IF(ISNUMBER(OFFSET(INDIRECT("'"&'DATA for charts'!$H$5&"'!$e70"),$AM15,0)),OFFSET(INDIRECT("'"&'DATA for charts'!$H$5&"'!$e70"),$AM15,0),"") -> 4.0385408 | X15: =IF(ISBLANK(OFFSET(INDIRECT("'"&'DATA for charts'!$H$5&"'!$f70"),$AM15,0)),"",(OFFSET(INDIRECT("'"&'DATA for charts'!$H$5&"'!$f70"),$AM15,0))) -> Nov | Y15: =IF(ISNUMBER(OFFSET(INDIRECT("'"&'DATA for charts'!$H$5&"'!$g70"),$AM15,0)),OFFSET(INDIRECT("'"&'DATA for charts'!$H$5&"'!$g70"),$AM15,0),"") -> 26 | Z15: =IF(ISNUMBER(OFFSET(INDIRECT("'"&'DATA for charts'!$H$5&"'!$h70"),$AM15,0)),OFFSET(INDIRECT("'"&'DATA for charts'!$H$5&"'!$h70"),$AM15,0),"") -> 8 | AA15: =MIN(C15,G15,K15,O15,S15,W15) -> 4.0385408 | AB15: =MAX(C15,G15,K15,O15,S15,W15) -> 4.658 | AC15: =AVERAGE(C15,G15,K15,O15,S15,W15) -> 4.368589 | AD15: =IF(AC15=0,"----",ABS((AB15-AA15)/AC15)) -> 0.14179845 | AF15: =IF(ISNUMBER(YourData!$E74),YourData!$E74,"") | AG15: =IF(ISBLANK(YourData!$F74),"",YourData!$F74) | AH15: =IF(ISNUMBER(YourData!$G74),YourData!$G74,"") | AI15: =IF(ISNUMBER(YourData!$H74),YourData!$H74,"") | AL15: 4 | AM15: =AM14+1 -> 4
B16: 650 Case 600 with Night Ventilation | C16: =IF(ISNUMBER(OFFSET(INDIRECT("'"&'DATA for charts'!$C$5&"'!$e70"),$AM16,0)),OFFSET(INDIRECT("'"&'DATA for charts'!$C$5&"'!$e70"),$AM16,0),"") -> 0 | D16: =IF(ISBLANK(OFFSET(INDIRECT("'"&'DATA for charts'!$C$5&"'!$f70"),$AM16,0)),"",(OFFSET(INDIRECT("'"&'DATA for charts'!$C$5&"'!$f70"),$AM16,0))) | E16: =IF(ISNUMBER(OFFSET(INDIRECT("'"&'DATA for charts'!$C$5&"'!$g70"),$AM16,0)),OFFSET(INDIRECT("'"&'DATA for charts'!$C$5&"'!$g70"),$AM16,0),"") | F16: =IF(ISNUMBER(OFFSET(INDIRECT("'"&'DATA for charts'!$C$5&"'!$h70"),$AM16,0)),OFFSET(INDIRECT("'"&'DATA for charts'!$C$5&"'!$h70"),$AM16,0),"") | G16: =IF(ISNUMBER(OFFSET(INDIRECT("'"&'DATA for charts'!$D$5&"'!$e70"),$AM16,0)),OFFSET(INDIRECT("'"&'DATA for charts'!$D$5&"'!$e70"),$AM16,0),"") -> 0 | H16: =IF(ISBLANK(OFFSET(INDIRECT("'"&'DATA for charts'!$D$5&"'!$f70"),$AM16,0)),"",(OFFSET(INDIRECT("'"&'DATA for charts'!$D$5&"'!$f70"),$AM16,0))) -> Jan | I16: =IF(ISNUMBER(OFFSET(INDIRECT("'"&'DATA for charts'!$D$5&"'!$g70"),$AM16,0)),OFFSET(INDIRECT("'"&'DATA for charts'!$D$5&"'!$g70"),$AM16,0),"") -> 1 | J16: =IF(ISNUMBER(OFFSET(INDIRECT("'"&'DATA for charts'!$D$5&"'!$h70"),$AM16,0)),OFFSET(INDIRECT("'"&'DATA for charts'!$D$5&"'!$h70"),$AM16,0),"") -> 1 | K16: =IF(ISNUMBER(OFFSET(INDIRECT("'"&'DATA for charts'!$E$5&"'!$e70"),$AM16,0)),OFFSET(INDIRECT("'"&'DATA for charts'!$E$5&"'!$e70"),$AM16,0),"") -> 0 | L16: =IF(ISBLANK(OFFSET(INDIRECT("'"&'DATA for charts'!$E$5&"'!$f70"),$AM16,0)),"",(OFFSET(INDIRECT("'"&'DATA for charts'!$E$5&"'!$f70"),$AM16,0))) | M16: =IF(ISNUMBER(OFFSET(INDIRECT("'"&'DATA for charts'!$E$5&"'!$g70"),$AM16,0)),OFFSET(INDIRECT("'"&'DATA for charts'!$E$5&"'!$g70"),$AM16,0),"") | N16: =IF(ISNUMBER(OFFSET(INDIRECT("'"&'DATA for charts'!$E$5&"'!$h70"),$AM16,0)),OFFSET(INDIRECT("'"&'DATA for charts'!$E$5&"'!$h70"),$AM16,0),"") | O16: =IF(ISNUMBER(OFFSET(INDIRECT("'"&'DATA for charts'!$F$5&"'!$e70"),$AM16,0)),OFFSET(INDIRECT("'"&'DATA for charts'!$F$5&"'!$e70"),$AM16,0),"") -> 0 | P16: =IF(ISBLANK(OFFSET(INDIRECT("'"&'DATA for charts'!$F$5&"'!$f70"),$AM16,0)),"",(OFFSET(INDIRECT("'"&'DATA for charts'!$F$5&"'!$f70"),$AM16,0))) -> Jan | Q16: =IF(ISNUMBER(OFFSET(INDIRECT("'"&'DATA for charts'!$F$5&"'!$g70"),$AM16,0)),OFFSET(INDIRECT("'"&'DATA for charts'!$F$5&"'!$g70"),$AM16,0),"") -> 1 | R16: =IF(ISNUMBER(OFFSET(INDIRECT("'"&'DATA for charts'!$F$5&"'!$h70"),$AM16,0)),OFFSET(INDIRECT("'"&'DATA for charts'!$F$5&"'!$h70"),$AM16,0),"") -> 1 | S16: =IF(ISNUMBER(OFFSET(INDIRECT("'"&'DATA for charts'!$G$5&"'!$e70"),$AM16,0)),OFFSET(INDIRECT("'"&'DATA for charts'!$G$5&"'!$e70"),$AM16,0),"") -> 0 | T16: =IF(ISBLANK(OFFSET(INDIRECT("'"&'DATA for charts'!$G$5&"'!$f70"),$AM16,0)),"",(OFFSET(INDIRECT("'"&'DATA for charts'!$G$5&"'!$f70"),$AM16,0))) -> Jan | U16: =IF(ISNUMBER(OFFSET(INDIRECT("'"&'DATA for charts'!$G$5&"'!$g70"),$AM16,0)),OFFSET(INDIRECT("'"&'DATA for charts'!$G$5&"'!$g70"),$AM16,0),"") -> 1 | V16: =IF(ISNUMBER(OFFSET(INDIRECT("'"&'DATA for charts'!$G$5&"'!$h70"),$AM16,0)),OFFSET(INDIRECT("'"&'DATA for charts'!$G$5&"'!$h70"),$AM16,0),"") -> 1 | W16: =IF(ISNUMBER(OFFSET(INDIRECT("'"&'DATA for charts'!$H$5&"'!$e70"),$AM16,0)),OFFSET(INDIRECT("'"&'DATA for charts'!$H$5&"'!$e70"),$AM16,0),"") -> 0 | X16: =IF(ISBLANK(OFFSET(INDIRECT("'"&'DATA for charts'!$H$5&"'!$f70"),$AM16,0)),"",(OFFSET(INDIRECT("'"&'DATA for charts'!$H$5&"'!$f70"),$AM16,0))) -> Dec | Y16: =IF(ISNUMBER(OFFSET(INDIRECT("'"&'DATA for charts'!$H$5&"'!$g70"),$AM16,0)),OFFSET(INDIRECT("'"&'DATA for charts'!$H$5&"'!$g70"),$AM16,0),"") -> 31 | Z16: =IF(ISNUMBER(OFFSET(INDIRECT("'"&'DATA for charts'!$H$5&"'!$h70"),$AM16,0)),OFFSET(INDIRECT("'"&'DATA for charts'!$H$5&"'!$h70"),$AM16,0),"") -> 0 | AA16: =MIN(C16,G16,K16,O16,S16,W16) -> 0 | AB16: =MAX(C16,G16,K16,O16,S16,W16) -> 0 | AC16: =AVERAGE(C16,G16,K16,O16,S16,W16) -> 0 | AD16: =IF(AC16=0,"----",ABS((AB16-AA16)/AC16)) -> ---- | AF16: =IF(ISNUMBER(YourData!$E75),YourData!$E75,"") | AG16: =IF(ISBLANK(YourData!$F75),"",YourData!$F75) | AH16: =IF(ISNUMBER(YourData!$G75),YourData!$G75,"") | AI16: =IF(ISNUMBER(YourData!$H75),YourData!$H75,"") | AL16: 5 | AM16: =AM15+1 -> 5
B17: 660 Low-E Windows | C17: =IF(ISNUMBER(OFFSET(INDIRECT("'"&'DATA for charts'!$C$5&"'!$e70"),$AM17,0)),OFFSET(INDIRECT("'"&'DATA for charts'!$C$5&"'!$e70"),$AM17,0),"") -> 2.62 | D17: =IF(ISBLANK(OFFSET(INDIRECT("'"&'DATA for charts'!$C$5&"'!$f70"),$AM17,0)),"",(OFFSET(INDIRECT("'"&'DATA for charts'!$C$5&"'!$f70"),$AM17,0))) -> Nov | E17: =IF(ISNUMBER(OFFSET(INDIRECT("'"&'DATA for charts'!$C$5&"'!$g70"),$AM17,0)),OFFSET(INDIRECT("'"&'DATA for charts'!$C$5&"'!$g70"),$AM17,0),"") -> 26 | F17: =IF(ISNUMBER(OFFSET(INDIRECT("'"&'DATA for charts'!$C$5&"'!$h70"),$AM17,0)),OFFSET(INDIRECT("'"&'DATA for charts'!$C$5&"'!$h70"),$AM17,0),"") -> 8 | G17: =IF(ISNUMBER(OFFSET(INDIRECT("'"&'DATA for charts'!$D$5&"'!$e70"),$AM17,0)),OFFSET(INDIRECT("'"&'DATA for charts'!$D$5&"'!$e70"),$AM17,0),"") -> 2.758312 | H17: =IF(ISBLANK(OFFSET(INDIRECT("'"&'DATA for charts'!$D$5&"'!$f70"),$AM17,0)),"",(OFFSET(INDIRECT("'"&'DATA for charts'!$D$5&"'!$f70"),$AM17,0))) -> Jan | I17: =IF(ISNUMBER(OFFSET(INDIRECT("'"&'DATA for charts'!$D$5&"'!$g70"),$AM17,0)),OFFSET(INDIRECT("'"&'DATA for charts'!$D$5&"'!$g70"),$AM17,0),"") -> 1 | J17: =IF(ISNUMBER(OFFSET(INDIRECT("'"&'DATA for charts'!$D$5&"'!$h70"),$AM17,0)),OFFSET(INDIRECT("'"&'DATA for charts'!$D$5&"'!$h70"),$AM17,0),"") -> 1 | K17: =IF(ISNUMBER(OFFSET(INDIRECT("'"&'DATA for charts'!$E$5&"'!$e70"),$AM17,0)),OFFSET(INDIRECT("'"&'DATA for charts'!$E$5&"'!$e70"),$AM17,0),"") -> 2.798 | L17: =IF(ISBLANK(OFFSET(INDIRECT("'"&'DATA for charts'!$E$5&"'!$f70"),$AM17,0)),"",(OFFSET(INDIRECT("'"&'DATA for charts'!$E$5&"'!$f70"),$AM17,0))) -> Jan | M17: =IF(ISNUMBER(OFFSET(INDIRECT("'"&'DATA for charts'!$E$5&"'!$g70"),$AM17,0)),OFFSET(INDIRECT("'"&'DATA for charts'!$E$5&"'!$g70"),$AM17,0),"") -> 1 | N17: =IF(ISNUMBER(OFFSET(INDIRECT("'"&'DATA for charts'!$E$5&"'!$h70"),$AM17,0)),OFFSET(INDIRECT("'"&'DATA for charts'!$E$5&"'!$h70"),$AM17,0),"") -> 0 | O17: =IF(ISNUMBER(OFFSET(INDIRECT("'"&'DATA for charts'!$F$5&"'!$e70"),$AM17,0)),OFFSET(INDIRECT("'"&'DATA for charts'!$F$5&"'!$e70"),$AM17,0),"") -> 2.8311241 | P17: =IF(ISBLANK(OFFSET(INDIRECT("'"&'DATA for charts'!$F$5&"'!$f70"),$AM17,0)),"",(OFFSET(INDIRECT("'"&'DATA for charts'!$F$5&"'!$f70"),$AM17,0))) -> Dec | Q17: =IF(ISNUMBER(OFFSET(INDIRECT("'"&'DATA for charts'!$F$5&"'!$g70"),$AM17,0)),OFFSET(INDIRECT("'"&'DATA for charts'!$F$5&"'!$g70"),$AM17,0),"") -> 31 | R17: =IF(ISNUMBER(OFFSET(INDIRECT("'"&'DATA for charts'!$F$5&"'!$h70"),$AM17,0)),OFFSET(INDIRECT("'"&'DATA for charts'!$F$5&"'!$h70"),$AM17,0),"") -> 24 | S17: =IF(ISNUMBER(OFFSET(INDIRECT("'"&'DATA for charts'!$G$5&"'!$e70"),$AM17,0)),OFFSET(INDIRECT("'"&'DATA for charts'!$G$5&"'!$e70"),$AM17,0),"") -> 2.846 | T17: =IF(ISBLANK(OFFSET(INDIRECT("'"&'DATA for charts'!$G$5&"'!$f70"),$AM17,0)),"",(OFFSET(INDIRECT("'"&'DATA for charts'!$G$5&"'!$f70"),$AM17,0))) -> Jan | U17: =IF(ISNUMBER(OFFSET(INDIRECT("'"&'DATA for charts'!$G$5&"'!$g70"),$AM17,0)),OFFSET(INDIRECT("'"&'DATA for charts'!$G$5&"'!$g70"),$AM17,0),"") -> 1 | V17: =IF(ISNUMBER(OFFSET(INDIRECT("'"&'DATA for charts'!$G$5&"'!$h70"),$AM17,0)),OFFSET(INDIRECT("'"&'DATA for charts'!$G$5&"'!$h70"),$AM17,0),"") -> 1 | W17: =IF(ISNUMBER(OFFSET(INDIRECT("'"&'DATA for charts'!$H$5&"'!$e70"),$AM17,0)),OFFSET(INDIRECT("'"&'DATA for charts'!$H$5&"'!$e70"),$AM17,0),"") -> 2.9551828 | X17: =IF(ISBLANK(OFFSET(INDIRECT("'"&'DATA for charts'!$H$5&"'!$f70"),$AM17,0)),"",(OFFSET(INDIRECT("'"&'DATA for charts'!$H$5&"'!$f70"),$AM17,0))) -> Jan | Y17: =IF(ISNUMBER(OFFSET(INDIRECT("'"&'DATA for charts'!$H$5&"'!$g70"),$AM17,0)),OFFSET(INDIRECT("'"&'DATA for charts'!$H$5&"'!$g70"),$AM17,0),"") -> 1 | Z17: =IF(ISNUMBER(OFFSET(INDIRECT("'"&'DATA for charts'!$H$5&"'!$h70"),$AM17,0)),OFFSET(INDIRECT("'"&'DATA for charts'!$H$5&"'!$h70"),$AM17,0),"") -> 1 | AA17: =MIN(C17,G17,K17,O17,S17,W17) -> 2.62 | AB17: =MAX(C17,G17,K17,O17,S17,W17) -> 2.9551828 | AC17: =AVERAGE(C17,G17,K17,O17,S17,W17) -> 2.8014365 | AD17: =IF(AC17=0,"----",ABS((AB17-AA17)/AC17)) -> 0.11964677 | AF17: =IF(ISNUMBER(YourData!$E76),YourData!$E76,"") | AG17: =IF(ISBLANK(YourData!$F76),"",YourData!$F76) | AH17: =IF(ISNUMBER(YourData!$G76),YourData!$G76,"") | AI17: =IF(ISNUMBER(YourData!$H76),YourData!$H76,"") | AM17: =AM16+1 -> 6
B18: 670 Single-Pane Windows | C18: =IF(ISNUMBER(OFFSET(INDIRECT("'"&'DATA for charts'!$C$5&"'!$e70"),$AM18,0)),OFFSET(INDIRECT("'"&'DATA for charts'!$C$5&"'!$e70"),$AM18,0),"") -> 4.122 | D18: =IF(ISBLANK(OFFSET(INDIRECT("'"&'DATA for charts'!$C$5&"'!$f70"),$AM18,0)),"",(OFFSET(INDIRECT("'"&'DATA for charts'!$C$5&"'!$f70"),$AM18,0))) -> Nov | E18: =IF(ISNUMBER(OFFSET(INDIRECT("'"&'DATA for charts'!$C$5&"'!$g70"),$AM18,0)),OFFSET(INDIRECT("'"&'DATA for charts'!$C$5&"'!$g70"),$AM18,0),"") -> 26 | F18: =IF(ISNUMBER(OFFSET(INDIRECT("'"&'DATA for charts'!$C$5&"'!$h70"),$AM18,0)),OFFSET(INDIRECT("'"&'DATA for charts'!$C$5&"'!$h70"),$AM18,0),"") -> 8 | G18: =IF(ISNUMBER(OFFSET(INDIRECT("'"&'DATA for charts'!$D$5&"'!$e70"),$AM18,0)),OFFSET(INDIRECT("'"&'DATA for charts'!$D$5&"'!$e70"),$AM18,0),"") -> 3.655419 | H18: =IF(ISBLANK(OFFSET(INDIRECT("'"&'DATA for charts'!$D$5&"'!$f70"),$AM18,0)),"",(OFFSET(INDIRECT("'"&'DATA for charts'!$D$5&"'!$f70"),$AM18,0))) -> Jan | I18: =IF(ISNUMBER(OFFSET(INDIRECT("'"&'DATA for charts'!$D$5&"'!$g70"),$AM18,0)),OFFSET(INDIRECT("'"&'DATA for charts'!$D$5&"'!$g70"),$AM18,0),"") -> 1 | J18: =IF(ISNUMBER(OFFSET(INDIRECT("'"&'DATA for charts'!$D$5&"'!$h70"),$AM18,0)),OFFSET(INDIRECT("'"&'DATA for charts'!$D$5&"'!$h70"),$AM18,0),"") -> 1 | K18: =IF(ISNUMBER(OFFSET(INDIRECT("'"&'DATA for charts'!$E$5&"'!$e70"),$AM18,0)),OFFSET(INDIRECT("'"&'DATA for charts'!$E$5&"'!$e70"),$AM18,0),"") -> 3.812 | L18: =IF(ISBLANK(OFFSET(INDIRECT("'"&'DATA for charts'!$E$5&"'!$f70"),$AM18,0)),"",(OFFSET(INDIRECT("'"&'DATA for charts'!$E$5&"'!$f70"),$AM18,0))) -> Jan | M18: =IF(ISNUMBER(OFFSET(INDIRECT("'"&'DATA for charts'!$E$5&"'!$g70"),$AM18,0)),OFFSET(INDIRECT("'"&'DATA for charts'!$E$5&"'!$g70"),$AM18,0),"") -> 1 | N18: =IF(ISNUMBER(OFFSET(INDIRECT("'"&'DATA for charts'!$E$5&"'!$h70"),$AM18,0)),OFFSET(INDIRECT("'"&'DATA for charts'!$E$5&"'!$h70"),$AM18,0),"") -> 0 | O18: =IF(ISNUMBER(OFFSET(INDIRECT("'"&'DATA for charts'!$F$5&"'!$e70"),$AM18,0)),OFFSET(INDIRECT("'"&'DATA for charts'!$F$5&"'!$e70"),$AM18,0),"") -> 3.8535305 | P18: =IF(ISBLANK(OFFSET(INDIRECT("'"&'DATA for charts'!$F$5&"'!$f70"),$AM18,0)),"",(OFFSET(INDIRECT("'"&'DATA for charts'!$F$5&"'!$f70"),$AM18,0))) -> Nov | Q18: =IF(ISNUMBER(OFFSET(INDIRECT("'"&'DATA for charts'!$F$5&"'!$g70"),$AM18,0)),OFFSET(INDIRECT("'"&'DATA for charts'!$F$5&"'!$g70"),$AM18,0),"") -> 26 | R18: =IF(ISNUMBER(OFFSET(INDIRECT("'"&'DATA for charts'!$F$5&"'!$h70"),$AM18,0)),OFFSET(INDIRECT("'"&'DATA for charts'!$F$5&"'!$h70"),$AM18,0),"") -> 7 | S18: =IF(ISNUMBER(OFFSET(INDIRECT("'"&'DATA for charts'!$G$5&"'!$e70"),$AM18,0)),OFFSET(INDIRECT("'"&'DATA for charts'!$G$5&"'!$e70"),$AM18,0),"") -> 3.992 | T18: =IF(ISBLANK(OFFSET(INDIRECT("'"&'DATA for charts'!$G$5&"'!$f70"),$AM18,0)),"",(OFFSET(INDIRECT("'"&'DATA for charts'!$G$5&"'!$f70"),$AM18,0))) -> Nov | U18: =IF(ISNUMBER(OFFSET(INDIRECT("'"&'DATA for charts'!$G$5&"'!$g70"),$AM18,0)),OFFSET(INDIRECT("'"&'DATA for charts'!$G$5&"'!$g70"),$AM18,0),"") -> 26 | V18: =IF(ISNUMBER(OFFSET(INDIRECT("'"&'DATA for charts'!$G$5&"'!$h70"),$AM18,0)),OFFSET(INDIRECT("'"&'DATA for charts'!$G$5&"'!$h70"),$AM18,0),"") -> 7 | W18: =IF(ISNUMBER(OFFSET(INDIRECT("'"&'DATA for charts'!$H$5&"'!$e70"),$AM18,0)),OFFSET(INDIRECT("'"&'DATA for charts'!$H$5&"'!$e70"),$AM18,0),"") -> 4.2209647 | X18: =IF(ISBLANK(OFFSET(INDIRECT("'"&'DATA for charts'!$H$5&"'!$f70"),$AM18,0)),"",(OFFSET(INDIRECT("'"&'DATA for charts'!$H$5&"'!$f70"),$AM18,0))) -> Nov | Y18: =IF(ISNUMBER(OFFSET(INDIRECT("'"&'DATA for charts'!$H$5&"'!$g70"),$AM18,0)),OFFSET(INDIRECT("'"&'DATA for charts'!$H$5&"'!$g70"),$AM18,0),"") -> 26 | Z18: =IF(ISNUMBER(OFFSET(INDIRECT("'"&'DATA for charts'!$H$5&"'!$h70"),$AM18,0)),OFFSET(INDIRECT("'"&'DATA for charts'!$H$5&"'!$h70"),$AM18,0),"") -> 8 | AA18: =MIN(C18,G18,K18,O18,S18,W18) -> 3.655419 | AB18: =MAX(C18,G18,K18,O18,S18,W18) -> 4.2209647 | AC18: =AVERAGE(C18,G18,K18,O18,S18,W18) -> 3.9426524 | AD18: =IF(AC18=0,"----",ABS((AB18-AA18)/AC18)) -> 0.14344296 | AF18: =IF(ISNUMBER(YourData!$E77),YourData!$E77,"") | AG18: =IF(ISBLANK(YourData!$F77),"",YourData!$F77) | AH18: =IF(ISNUMBER(YourData!$G77),YourData!$G77,"") | AI18: =IF(ISNUMBER(YourData!$H77),YourData!$H77,"") | AM18: =AM17+1 -> 7
B19: 680 Case 600 with Increased Insulation | C19: =IF(ISNUMBER(OFFSET(INDIRECT("'"&'DATA for charts'!$C$5&"'!$e70"),$AM19,0)),OFFSET(INDIRECT("'"&'DATA for charts'!$C$5&"'!$e70"),$AM19,0),"") -> 2.126 | D19: =IF(ISBLANK(OFFSET(INDIRECT("'"&'DATA for charts'!$C$5&"'!$f70"),$AM19,0)),"",(OFFSET(INDIRECT("'"&'DATA for charts'!$C$5&"'!$f70"),$AM19,0))) -> Nov | E19: =IF(ISNUMBER(OFFSET(INDIRECT("'"&'DATA for charts'!$C$5&"'!$g70"),$AM19,0)),OFFSET(INDIRECT("'"&'DATA for charts'!$C$5&"'!$g70"),$AM19,0),"") -> 26 | F19: =IF(ISNUMBER(OFFSET(INDIRECT("'"&'DATA for charts'!$C$5&"'!$h70"),$AM19,0)),OFFSET(INDIRECT("'"&'DATA for charts'!$C$5&"'!$h70"),$AM19,0),"") -> 8 | G19: =IF(ISNUMBER(OFFSET(INDIRECT("'"&'DATA for charts'!$D$5&"'!$e70"),$AM19,0)),OFFSET(INDIRECT("'"&'DATA for charts'!$D$5&"'!$e70"),$AM19,0),"") -> 1.777641 | H19: =IF(ISBLANK(OFFSET(INDIRECT("'"&'DATA for charts'!$D$5&"'!$f70"),$AM19,0)),"",(OFFSET(INDIRECT("'"&'DATA for charts'!$D$5&"'!$f70"),$AM19,0))) -> Feb | I19: =IF(ISNUMBER(OFFSET(INDIRECT("'"&'DATA for charts'!$D$5&"'!$g70"),$AM19,0)),OFFSET(INDIRECT("'"&'DATA for charts'!$D$5&"'!$g70"),$AM19,0),"") -> 9 | J19: =IF(ISNUMBER(OFFSET(INDIRECT("'"&'DATA for charts'!$D$5&"'!$h70"),$AM19,0)),OFFSET(INDIRECT("'"&'DATA for charts'!$D$5&"'!$h70"),$AM19,0),"") -> 6 | K19: =IF(ISNUMBER(OFFSET(INDIRECT("'"&'DATA for charts'!$E$5&"'!$e70"),$AM19,0)),OFFSET(INDIRECT("'"&'DATA for charts'!$E$5&"'!$e70"),$AM19,0),"") -> 1.811 | L19: =IF(ISBLANK(OFFSET(INDIRECT("'"&'DATA for charts'!$E$5&"'!$f70"),$AM19,0)),"",(OFFSET(INDIRECT("'"&'DATA for charts'!$E$5&"'!$f70"),$AM19,0))) -> Jan | M19: =IF(ISNUMBER(OFFSET(INDIRECT("'"&'DATA for charts'!$E$5&"'!$g70"),$AM19,0)),OFFSET(INDIRECT("'"&'DATA for charts'!$E$5&"'!$g70"),$AM19,0),"") -> 1 | N19: =IF(ISNUMBER(OFFSET(INDIRECT("'"&'DATA for charts'!$E$5&"'!$h70"),$AM19,0)),OFFSET(INDIRECT("'"&'DATA for charts'!$E$5&"'!$h70"),$AM19,0),"") -> 1 | O19: =IF(ISNUMBER(OFFSET(INDIRECT("'"&'DATA for charts'!$F$5&"'!$e70"),$AM19,0)),OFFSET(INDIRECT("'"&'DATA for charts'!$F$5&"'!$e70"),$AM19,0),"") -> 2.0524138 | P19: =IF(ISBLANK(OFFSET(INDIRECT("'"&'DATA for charts'!$F$5&"'!$f70"),$AM19,0)),"",(OFFSET(INDIRECT("'"&'DATA for charts'!$F$5&"'!$f70"),$AM19,0))) -> Nov | Q19: =IF(ISNUMBER(OFFSET(INDIRECT("'"&'DATA for charts'!$F$5&"'!$g70"),$AM19,0)),OFFSET(INDIRECT("'"&'DATA for charts'!$F$5&"'!$g70"),$AM19,0),"") -> 26 | R19: =IF(ISNUMBER(OFFSET(INDIRECT("'"&'DATA for charts'!$F$5&"'!$h70"),$AM19,0)),OFFSET(INDIRECT("'"&'DATA for charts'!$F$5&"'!$h70"),$AM19,0),"") -> 7 | S19: =IF(ISNUMBER(OFFSET(INDIRECT("'"&'DATA for charts'!$G$5&"'!$e70"),$AM19,0)),OFFSET(INDIRECT("'"&'DATA for charts'!$G$5&"'!$e70"),$AM19,0),"") -> 2.022 | T19: =IF(ISBLANK(OFFSET(INDIRECT("'"&'DATA for charts'!$G$5&"'!$f70"),$AM19,0)),"",(OFFSET(INDIRECT("'"&'DATA for charts'!$G$5&"'!$f70"),$AM19,0))) -> Feb | U19: =IF(ISNUMBER(OFFSET(INDIRECT("'"&'DATA for charts'!$G$5&"'!$g70"),$AM19,0)),OFFSET(INDIRECT("'"&'DATA for charts'!$G$5&"'!$g70"),$AM19,0),"") -> 9 | V19: =IF(ISNUMBER(OFFSET(INDIRECT("'"&'DATA for charts'!$G$5&"'!$h70"),$AM19,0)),OFFSET(INDIRECT("'"&'DATA for charts'!$G$5&"'!$h70"),$AM19,0),"") -> 7 | W19: =IF(ISNUMBER(OFFSET(INDIRECT("'"&'DATA for charts'!$H$5&"'!$e70"),$AM19,0)),OFFSET(INDIRECT("'"&'DATA for charts'!$H$5&"'!$e70"),$AM19,0),"") -> 2.11472 | X19: =IF(ISBLANK(OFFSET(INDIRECT("'"&'DATA for charts'!$H$5&"'!$f70"),$AM19,0)),"",(OFFSET(INDIRECT("'"&'DATA for charts'!$H$5&"'!$f70"),$AM19,0))) -> Nov | Y19: =IF(ISNUMBER(OFFSET(INDIRECT("'"&'DATA for charts'!$H$5&"'!$g70"),$AM19,0)),OFFSET(INDIRECT("'"&'DATA for charts'!$H$5&"'!$g70"),$AM19,0),"") -> 26 | Z19: =IF(ISNUMBER(OFFSET(INDIRECT("'"&'DATA for charts'!$H$5&"'!$h70"),$AM19,0)),OFFSET(INDIRECT("'"&'DATA for charts'!$H$5&"'!$h70"),$AM19,0),"") -> 8 | AA19: =MIN(C19,G19,K19,O19,S19,W19) -> 1.777641 | AB19: =MAX(C19,G19,K19,O19,S19,W19) -> 2.126 | AC19: =AVERAGE(C19,G19,K19,O19,S19,W19) -> 1.9839625 | AD19: =IF(AC19=0,"----",ABS((AB19-AA19)/AC19)) -> 0.1755875 | AF19: =IF(ISNUMBER(YourData!$E78),YourData!$E78,"") | AG19: =IF(ISBLANK(YourData!$F78),"",YourData!$F78) | AH19: =IF(ISNUMBER(YourData!$G78),YourData!$G78,"") | AI19: =IF(ISNUMBER(YourData!$H78),YourData!$H78,"") | AM19: =AM18+1 -> 8
B20: 685 Case 600 with "20/20" Thermostat | C20: =IF(ISNUMBER(OFFSET(INDIRECT("'"&'DATA for charts'!$C$5&"'!$e70"),$AM20,0)),OFFSET(INDIRECT("'"&'DATA for charts'!$C$5&"'!$e70"),$AM20,0),"") -> 3.169 | D20: =IF(ISBLANK(OFFSET(INDIRECT("'"&'DATA for charts'!$C$5&"'!$f70"),$AM20,0)),"",(OFFSET(INDIRECT("'"&'DATA for charts'!$C$5&"'!$f70"),$AM20,0))) -> Nov | E20: =IF(ISNUMBER(OFFSET(INDIRECT("'"&'DATA for charts'!$C$5&"'!$g70"),$AM20,0)),OFFSET(INDIRECT("'"&'DATA for charts'!$C$5&"'!$g70"),$AM20,0),"") -> 26 | F20: =IF(ISNUMBER(OFFSET(INDIRECT("'"&'DATA for charts'!$C$5&"'!$h70"),$AM20,0)),OFFSET(INDIRECT("'"&'DATA for charts'!$C$5&"'!$h70"),$AM20,0),"") -> 8 | G20: =IF(ISNUMBER(OFFSET(INDIRECT("'"&'DATA for charts'!$D$5&"'!$e70"),$AM20,0)),OFFSET(INDIRECT("'"&'DATA for charts'!$D$5&"'!$e70"),$AM20,0),"") -> 3.031857 | H20: =IF(ISBLANK(OFFSET(INDIRECT("'"&'DATA for charts'!$D$5&"'!$f70"),$AM20,0)),"",(OFFSET(INDIRECT("'"&'DATA for charts'!$D$5&"'!$f70"),$AM20,0))) -> Jan | I20: =IF(ISNUMBER(OFFSET(INDIRECT("'"&'DATA for charts'!$D$5&"'!$g70"),$AM20,0)),OFFSET(INDIRECT("'"&'DATA for charts'!$D$5&"'!$g70"),$AM20,0),"") -> 1 | J20: =IF(ISNUMBER(OFFSET(INDIRECT("'"&'DATA for charts'!$D$5&"'!$h70"),$AM20,0)),OFFSET(INDIRECT("'"&'DATA for charts'!$D$5&"'!$h70"),$AM20,0),"") -> 1 | K20: =IF(ISNUMBER(OFFSET(INDIRECT("'"&'DATA for charts'!$E$5&"'!$e70"),$AM20,0)),OFFSET(INDIRECT("'"&'DATA for charts'!$E$5&"'!$e70"),$AM20,0),"") -> 3.054 | L20: =IF(ISBLANK(OFFSET(INDIRECT("'"&'DATA for charts'!$E$5&"'!$f70"),$AM20,0)),"",(OFFSET(INDIRECT("'"&'DATA for charts'!$E$5&"'!$f70"),$AM20,0))) -> Jan | M20: =IF(ISNUMBER(OFFSET(INDIRECT("'"&'DATA for charts'!$E$5&"'!$g70"),$AM20,0)),OFFSET(INDIRECT("'"&'DATA for charts'!$E$5&"'!$g70"),$AM20,0),"") -> 1 | N20: =IF(ISNUMBER(OFFSET(INDIRECT("'"&'DATA for charts'!$E$5&"'!$h70"),$AM20,0)),OFFSET(INDIRECT("'"&'DATA for charts'!$E$5&"'!$h70"),$AM20,0),"") -> 0 | O20: =IF(ISNUMBER(OFFSET(INDIRECT("'"&'DATA for charts'!$F$5&"'!$e70"),$AM20,0)),OFFSET(INDIRECT("'"&'DATA for charts'!$F$5&"'!$e70"),$AM20,0),"") -> 3.2231672 | P20: =IF(ISBLANK(OFFSET(INDIRECT("'"&'DATA for charts'!$F$5&"'!$f70"),$AM20,0)),"",(OFFSET(INDIRECT("'"&'DATA for charts'!$F$5&"'!$f70"),$AM20,0))) -> Dec | Q20: =IF(ISNUMBER(OFFSET(INDIRECT("'"&'DATA for charts'!$F$5&"'!$g70"),$AM20,0)),OFFSET(INDIRECT("'"&'DATA for charts'!$F$5&"'!$g70"),$AM20,0),"") -> 31 | R20: =IF(ISNUMBER(OFFSET(INDIRECT("'"&'DATA for charts'!$F$5&"'!$h70"),$AM20,0)),OFFSET(INDIRECT("'"&'DATA for charts'!$F$5&"'!$h70"),$AM20,0),"") -> 24 | S20: =IF(ISNUMBER(OFFSET(INDIRECT("'"&'DATA for charts'!$G$5&"'!$e70"),$AM20,0)),OFFSET(INDIRECT("'"&'DATA for charts'!$G$5&"'!$e70"),$AM20,0),"") -> 3.247 | T20: =IF(ISBLANK(OFFSET(INDIRECT("'"&'DATA for charts'!$G$5&"'!$f70"),$AM20,0)),"",(OFFSET(INDIRECT("'"&'DATA for charts'!$G$5&"'!$f70"),$AM20,0))) -> Jan | U20: =IF(ISNUMBER(OFFSET(INDIRECT("'"&'DATA for charts'!$G$5&"'!$g70"),$AM20,0)),OFFSET(INDIRECT("'"&'DATA for charts'!$G$5&"'!$g70"),$AM20,0),"") -> 1 | V20: =IF(ISNUMBER(OFFSET(INDIRECT("'"&'DATA for charts'!$G$5&"'!$h70"),$AM20,0)),OFFSET(INDIRECT("'"&'DATA for charts'!$G$5&"'!$h70"),$AM20,0),"") -> 1 | W20: =IF(ISNUMBER(OFFSET(INDIRECT("'"&'DATA for charts'!$H$5&"'!$e70"),$AM20,0)),OFFSET(INDIRECT("'"&'DATA for charts'!$H$5&"'!$e70"),$AM20,0),"") -> 3.3744271 | X20: =IF(ISBLANK(OFFSET(INDIRECT("'"&'DATA for charts'!$H$5&"'!$f70"),$AM20,0)),"",(OFFSET(INDIRECT("'"&'DATA for charts'!$H$5&"'!$f70"),$AM20,0))) -> Jan | Y20: =IF(ISNUMBER(OFFSET(INDIRECT("'"&'DATA for charts'!$H$5&"'!$g70"),$AM20,0)),OFFSET(INDIRECT("'"&'DATA for charts'!$H$5&"'!$g70"),$AM20,0),"") -> 1 | Z20: =IF(ISNUMBER(OFFSET(INDIRECT("'"&'DATA for charts'!$H$5&"'!$h70"),$AM20,0)),OFFSET(INDIRECT("'"&'DATA for charts'!$H$5&"'!$h70"),$AM20,0),"") -> 1 | AA20: =MIN(C20,G20,K20,O20,S20,W20) -> 3.031857 | AB20: =MAX(C20,G20,K20,O20,S20,W20) -> 3.3744271 | AC20: =AVERAGE(C20,G20,K20,O20,S20,W20) -> 3.1832419 | AD20: =IF(AC20=0,"----",ABS((AB20-AA20)/AC20)) -> 0.10761673 | AF20: =IF(ISNUMBER(YourData!$E79),YourData!$E79,"") | AG20: =IF(ISBLANK(YourData!$F79),"",YourData!$F79) | AH20: =IF(ISNUMBER(YourData!$G79),YourData!$G79,"") | AI20: =IF(ISNUMBER(YourData!$H79),YourData!$H79,"") | AM20: =AM19+1 -> 9
B21: 695 Case 685 with Increased Insulation | C21: =IF(ISNUMBER(OFFSET(INDIRECT("'"&'DATA for charts'!$C$5&"'!$e70"),$AM21,0)),OFFSET(INDIRECT("'"&'DATA for charts'!$C$5&"'!$e70"),$AM21,0),"") -> 2.138 | D21: =IF(ISBLANK(OFFSET(INDIRECT("'"&'DATA for charts'!$C$5&"'!$f70"),$AM21,0)),"",(OFFSET(INDIRECT("'"&'DATA for charts'!$C$5&"'!$f70"),$AM21,0))) -> Nov | E21: =IF(ISNUMBER(OFFSET(INDIRECT("'"&'DATA for charts'!$C$5&"'!$g70"),$AM21,0)),OFFSET(INDIRECT("'"&'DATA for charts'!$C$5&"'!$g70"),$AM21,0),"") -> 26 | F21: =IF(ISNUMBER(OFFSET(INDIRECT("'"&'DATA for charts'!$C$5&"'!$h70"),$AM21,0)),OFFSET(INDIRECT("'"&'DATA for charts'!$C$5&"'!$h70"),$AM21,0),"") -> 8 | G21: =IF(ISNUMBER(OFFSET(INDIRECT("'"&'DATA for charts'!$D$5&"'!$e70"),$AM21,0)),OFFSET(INDIRECT("'"&'DATA for charts'!$D$5&"'!$e70"),$AM21,0),"") -> 1.795326 | H21: =IF(ISBLANK(OFFSET(INDIRECT("'"&'DATA for charts'!$D$5&"'!$f70"),$AM21,0)),"",(OFFSET(INDIRECT("'"&'DATA for charts'!$D$5&"'!$f70"),$AM21,0))) -> Jan | I21: =IF(ISNUMBER(OFFSET(INDIRECT("'"&'DATA for charts'!$D$5&"'!$g70"),$AM21,0)),OFFSET(INDIRECT("'"&'DATA for charts'!$D$5&"'!$g70"),$AM21,0),"") -> 1 | J21: =IF(ISNUMBER(OFFSET(INDIRECT("'"&'DATA for charts'!$D$5&"'!$h70"),$AM21,0)),OFFSET(INDIRECT("'"&'DATA for charts'!$D$5&"'!$h70"),$AM21,0),"") -> 1 | K21: =IF(ISNUMBER(OFFSET(INDIRECT("'"&'DATA for charts'!$E$5&"'!$e70"),$AM21,0)),OFFSET(INDIRECT("'"&'DATA for charts'!$E$5&"'!$e70"),$AM21,0),"") -> 1.855 | L21: =IF(ISBLANK(OFFSET(INDIRECT("'"&'DATA for charts'!$E$5&"'!$f70"),$AM21,0)),"",(OFFSET(INDIRECT("'"&'DATA for charts'!$E$5&"'!$f70"),$AM21,0))) -> Jan | M21: =IF(ISNUMBER(OFFSET(INDIRECT("'"&'DATA for charts'!$E$5&"'!$g70"),$AM21,0)),OFFSET(INDIRECT("'"&'DATA for charts'!$E$5&"'!$g70"),$AM21,0),"") -> 1 | N21: =IF(ISNUMBER(OFFSET(INDIRECT("'"&'DATA for charts'!$E$5&"'!$h70"),$AM21,0)),OFFSET(INDIRECT("'"&'DATA for charts'!$E$5&"'!$h70"),$AM21,0),"") -> 1 | O21: =IF(ISNUMBER(OFFSET(INDIRECT("'"&'DATA for charts'!$F$5&"'!$e70"),$AM21,0)),OFFSET(INDIRECT("'"&'DATA for charts'!$F$5&"'!$e70"),$AM21,0),"") -> 2.0717806 | P21: =IF(ISBLANK(OFFSET(INDIRECT("'"&'DATA for charts'!$F$5&"'!$f70"),$AM21,0)),"",(OFFSET(INDIRECT("'"&'DATA for charts'!$F$5&"'!$f70"),$AM21,0))) -> Dec | Q21: =IF(ISNUMBER(OFFSET(INDIRECT("'"&'DATA for charts'!$F$5&"'!$g70"),$AM21,0)),OFFSET(INDIRECT("'"&'DATA for charts'!$F$5&"'!$g70"),$AM21,0),"") -> 31 | R21: =IF(ISNUMBER(OFFSET(INDIRECT("'"&'DATA for charts'!$F$5&"'!$h70"),$AM21,0)),OFFSET(INDIRECT("'"&'DATA for charts'!$F$5&"'!$h70"),$AM21,0),"") -> 24 | S21: =IF(ISNUMBER(OFFSET(INDIRECT("'"&'DATA for charts'!$G$5&"'!$e70"),$AM21,0)),OFFSET(INDIRECT("'"&'DATA for charts'!$G$5&"'!$e70"),$AM21,0),"") -> 2.025 | T21: =IF(ISBLANK(OFFSET(INDIRECT("'"&'DATA for charts'!$G$5&"'!$f70"),$AM21,0)),"",(OFFSET(INDIRECT("'"&'DATA for charts'!$G$5&"'!$f70"),$AM21,0))) -> Nov | U21: =IF(ISNUMBER(OFFSET(INDIRECT("'"&'DATA for charts'!$G$5&"'!$g70"),$AM21,0)),OFFSET(INDIRECT("'"&'DATA for charts'!$G$5&"'!$g70"),$AM21,0),"") -> 26 | V21: =IF(ISNUMBER(OFFSET(INDIRECT("'"&'DATA for charts'!$G$5&"'!$h70"),$AM21,0)),OFFSET(INDIRECT("'"&'DATA for charts'!$G$5&"'!$h70"),$AM21,0),"") -> 7 | W21: =IF(ISNUMBER(OFFSET(INDIRECT("'"&'DATA for charts'!$H$5&"'!$e70"),$AM21,0)),OFFSET(INDIRECT("'"&'DATA for charts'!$H$5&"'!$e70"),$AM21,0),"") -> 2.11771 | X21: =IF(ISBLANK(OFFSET(INDIRECT("'"&'DATA for charts'!$H$5&"'!$f70"),$AM21,0)),"",(OFFSET(INDIRECT("'"&'DATA for charts'!$H$5&"'!$f70"),$AM21,0))) -> Nov | Y21: =IF(ISNUMBER(OFFSET(INDIRECT("'"&'DATA for charts'!$H$5&"'!$g70"),$AM21,0)),OFFSET(INDIRECT("'"&'DATA for charts'!$H$5&"'!$g70"),$AM21,0),"") -> 26 | Z21: =IF(ISNUMBER(OFFSET(INDIRECT("'"&'DATA for charts'!$H$5&"'!$h70"),$AM21,0)),OFFSET(INDIRECT("'"&'DATA for charts'!$H$5&"'!$h70"),$AM21,0),"") -> 8 | AA21: =MIN(C21,G21,K21,O21,S21,W21) -> 1.795326 | AB21: =MAX(C21,G21,K21,O21,S21,W21) -> 2.138 | AC21: =AVERAGE(C21,G21,K21,O21,S21,W21) -> 2.0004694 | AD21: =IF(AC21=0,"----",ABS((AB21-AA21)/AC21)) -> 0.17129679 | AF21: =IF(ISNUMBER(YourData!$E80),YourData!$E80,"") | AG21: =IF(ISBLANK(YourData!$F80),"",YourData!$F80) | AH21: =IF(ISNUMBER(YourData!$G80),YourData!$G80,"") | AI21: =IF(ISNUMBER(YourData!$H80),YourData!$H80,"") | AM21: =AM20+1 -> 10
B22: 900 South Windows | C22: =IF(ISNUMBER(OFFSET(INDIRECT("'"&'DATA for charts'!$C$5&"'!$e70"),$AM22,0)),OFFSET(INDIRECT("'"&'DATA for charts'!$C$5&"'!$e70"),$AM22,0),"") -> 2.551 | D22: =IF(ISBLANK(OFFSET(INDIRECT("'"&'DATA for charts'!$C$5&"'!$f70"),$AM22,0)),"",(OFFSET(INDIRECT("'"&'DATA for charts'!$C$5&"'!$f70"),$AM22,0))) -> Feb | E22: =IF(ISNUMBER(OFFSET(INDIRECT("'"&'DATA for charts'!$C$5&"'!$g70"),$AM22,0)),OFFSET(INDIRECT("'"&'DATA for charts'!$C$5&"'!$g70"),$AM22,0),"") -> 8 | F22: =IF(ISNUMBER(OFFSET(INDIRECT("'"&'DATA for charts'!$C$5&"'!$h70"),$AM22,0)),OFFSET(INDIRECT("'"&'DATA for charts'!$C$5&"'!$h70"),$AM22,0),"") -> 24 | G22: =IF(ISNUMBER(OFFSET(INDIRECT("'"&'DATA for charts'!$D$5&"'!$e70"),$AM22,0)),OFFSET(INDIRECT("'"&'DATA for charts'!$D$5&"'!$e70"),$AM22,0),"") -> 2.44339 | H22: =IF(ISBLANK(OFFSET(INDIRECT("'"&'DATA for charts'!$D$5&"'!$f70"),$AM22,0)),"",(OFFSET(INDIRECT("'"&'DATA for charts'!$D$5&"'!$f70"),$AM22,0))) -> Feb | I22: =IF(ISNUMBER(OFFSET(INDIRECT("'"&'DATA for charts'!$D$5&"'!$g70"),$AM22,0)),OFFSET(INDIRECT("'"&'DATA for charts'!$D$5&"'!$g70"),$AM22,0),"") -> 9 | J22: =IF(ISNUMBER(OFFSET(INDIRECT("'"&'DATA for charts'!$D$5&"'!$h70"),$AM22,0)),OFFSET(INDIRECT("'"&'DATA for charts'!$D$5&"'!$h70"),$AM22,0),"") -> 6 | K22: =IF(ISNUMBER(OFFSET(INDIRECT("'"&'DATA for charts'!$E$5&"'!$e70"),$AM22,0)),OFFSET(INDIRECT("'"&'DATA for charts'!$E$5&"'!$e70"),$AM22,0),"") -> 2.453 | L22: =IF(ISBLANK(OFFSET(INDIRECT("'"&'DATA for charts'!$E$5&"'!$f70"),$AM22,0)),"",(OFFSET(INDIRECT("'"&'DATA for charts'!$E$5&"'!$f70"),$AM22,0))) -> Feb | M22: =IF(ISNUMBER(OFFSET(INDIRECT("'"&'DATA for charts'!$E$5&"'!$g70"),$AM22,0)),OFFSET(INDIRECT("'"&'DATA for charts'!$E$5&"'!$g70"),$AM22,0),"") -> 9 | N22: =IF(ISNUMBER(OFFSET(INDIRECT("'"&'DATA for charts'!$E$5&"'!$h70"),$AM22,0)),OFFSET(INDIRECT("'"&'DATA for charts'!$E$5&"'!$h70"),$AM22,0),"") -> 5 | O22: =IF(ISNUMBER(OFFSET(INDIRECT("'"&'DATA for charts'!$F$5&"'!$e70"),$AM22,0)),OFFSET(INDIRECT("'"&'DATA for charts'!$F$5&"'!$e70"),$AM22,0),"") -> 2.6874896 | P22: =IF(ISBLANK(OFFSET(INDIRECT("'"&'DATA for charts'!$F$5&"'!$f70"),$AM22,0)),"",(OFFSET(INDIRECT("'"&'DATA for charts'!$F$5&"'!$f70"),$AM22,0))) -> Feb | Q22: =IF(ISNUMBER(OFFSET(INDIRECT("'"&'DATA for charts'!$F$5&"'!$g70"),$AM22,0)),OFFSET(INDIRECT("'"&'DATA for charts'!$F$5&"'!$g70"),$AM22,0),"") -> 9 | R22: =IF(ISNUMBER(OFFSET(INDIRECT("'"&'DATA for charts'!$F$5&"'!$h70"),$AM22,0)),OFFSET(INDIRECT("'"&'DATA for charts'!$F$5&"'!$h70"),$AM22,0),"") -> 6 | S22: =IF(ISNUMBER(OFFSET(INDIRECT("'"&'DATA for charts'!$G$5&"'!$e70"),$AM22,0)),OFFSET(INDIRECT("'"&'DATA for charts'!$G$5&"'!$e70"),$AM22,0),"") -> 2.633 | T22: =IF(ISBLANK(OFFSET(INDIRECT("'"&'DATA for charts'!$G$5&"'!$f70"),$AM22,0)),"",(OFFSET(INDIRECT("'"&'DATA for charts'!$G$5&"'!$f70"),$AM22,0))) -> Feb | U22: =IF(ISNUMBER(OFFSET(INDIRECT("'"&'DATA for charts'!$G$5&"'!$g70"),$AM22,0)),OFFSET(INDIRECT("'"&'DATA for charts'!$G$5&"'!$g70"),$AM22,0),"") -> 9 | V22: =IF(ISNUMBER(OFFSET(INDIRECT("'"&'DATA for charts'!$G$5&"'!$h70"),$AM22,0)),OFFSET(INDIRECT("'"&'DATA for charts'!$G$5&"'!$h70"),$AM22,0),"") -> 7 | W22: =IF(ISNUMBER(OFFSET(INDIRECT("'"&'DATA for charts'!$H$5&"'!$e70"),$AM22,0)),OFFSET(INDIRECT("'"&'DATA for charts'!$H$5&"'!$e70"),$AM22,0),"") -> 2.7784781 | X22: =IF(ISBLANK(OFFSET(INDIRECT("'"&'DATA for charts'!$H$5&"'!$f70"),$AM22,0)),"",(OFFSET(INDIRECT("'"&'DATA for charts'!$H$5&"'!$f70"),$AM22,0))) -> Feb | Y22: =IF(ISNUMBER(OFFSET(INDIRECT("'"&'DATA for charts'!$H$5&"'!$g70"),$AM22,0)),OFFSET(INDIRECT("'"&'DATA for charts'!$H$5&"'!$g70"),$AM22,0),"") -> 9 | Z22: =IF(ISNUMBER(OFFSET(INDIRECT("'"&'DATA for charts'!$H$5&"'!$h70"),$AM22,0)),OFFSET(INDIRECT("'"&'DATA for charts'!$H$5&"'!$h70"),$AM22,0),"") -> 7 | AA22: =MIN(C22,G22,K22,O22,S22,W22) -> 2.44339 | AB22: =MAX(C22,G22,K22,O22,S22,W22) -> 2.7784781 | AC22: =AVERAGE(C22,G22,K22,O22,S22,W22) -> 2.5910596 | AD22: =IF(AC22=0,"----",ABS((AB22-AA22)/AC22)) -> 0.12932473 | AF22: =IF(ISNUMBER(YourData!$E81),YourData!$E81,"") | AG22: =IF(ISBLANK(YourData!$F81),"",YourData!$F81) | AH22: =IF(ISNUMBER(YourData!$G81),YourData!$G81,"") | AI22: =IF(ISNUMBER(YourData!$H81),YourData!$H81,"") | AL22: 6 | AM22: =AM21+1 -> 11
B23: 910 S. Windows + Overhang | C23: =IF(ISNUMBER(OFFSET(INDIRECT("'"&'DATA for charts'!$C$5&"'!$e70"),$AM23,0)),OFFSET(INDIRECT("'"&'DATA for charts'!$C$5&"'!$e70"),$AM23,0),"") -> 2.761 | D23: =IF(ISBLANK(OFFSET(INDIRECT("'"&'DATA for charts'!$C$5&"'!$f70"),$AM23,0)),"",(OFFSET(INDIRECT("'"&'DATA for charts'!$C$5&"'!$f70"),$AM23,0))) -> Feb | E23: =IF(ISNUMBER(OFFSET(INDIRECT("'"&'DATA for charts'!$C$5&"'!$g70"),$AM23,0)),OFFSET(INDIRECT("'"&'DATA for charts'!$C$5&"'!$g70"),$AM23,0),"") -> 8 | F23: =IF(ISNUMBER(OFFSET(INDIRECT("'"&'DATA for charts'!$C$5&"'!$h70"),$AM23,0)),OFFSET(INDIRECT("'"&'DATA for charts'!$C$5&"'!$h70"),$AM23,0),"") -> 24 | G23: =IF(ISNUMBER(OFFSET(INDIRECT("'"&'DATA for charts'!$D$5&"'!$e70"),$AM23,0)),OFFSET(INDIRECT("'"&'DATA for charts'!$D$5&"'!$e70"),$AM23,0),"") -> 2.469025 | H23: =IF(ISBLANK(OFFSET(INDIRECT("'"&'DATA for charts'!$D$5&"'!$f70"),$AM23,0)),"",(OFFSET(INDIRECT("'"&'DATA for charts'!$D$5&"'!$f70"),$AM23,0))) -> Feb | I23: =IF(ISNUMBER(OFFSET(INDIRECT("'"&'DATA for charts'!$D$5&"'!$g70"),$AM23,0)),OFFSET(INDIRECT("'"&'DATA for charts'!$D$5&"'!$g70"),$AM23,0),"") -> 9 | J23: =IF(ISNUMBER(OFFSET(INDIRECT("'"&'DATA for charts'!$D$5&"'!$h70"),$AM23,0)),OFFSET(INDIRECT("'"&'DATA for charts'!$D$5&"'!$h70"),$AM23,0),"") -> 6 | K23: =IF(ISNUMBER(OFFSET(INDIRECT("'"&'DATA for charts'!$E$5&"'!$e70"),$AM23,0)),OFFSET(INDIRECT("'"&'DATA for charts'!$E$5&"'!$e70"),$AM23,0),"") -> 2.474 | L23: =IF(ISBLANK(OFFSET(INDIRECT("'"&'DATA for charts'!$E$5&"'!$f70"),$AM23,0)),"",(OFFSET(INDIRECT("'"&'DATA for charts'!$E$5&"'!$f70"),$AM23,0))) -> Feb | M23: =IF(ISNUMBER(OFFSET(INDIRECT("'"&'DATA for charts'!$E$5&"'!$g70"),$AM23,0)),OFFSET(INDIRECT("'"&'DATA for charts'!$E$5&"'!$g70"),$AM23,0),"") -> 9 | N23: =IF(ISNUMBER(OFFSET(INDIRECT("'"&'DATA for charts'!$E$5&"'!$h70"),$AM23,0)),OFFSET(INDIRECT("'"&'DATA for charts'!$E$5&"'!$h70"),$AM23,0),"") -> 5 | O23: =IF(ISNUMBER(OFFSET(INDIRECT("'"&'DATA for charts'!$F$5&"'!$e70"),$AM23,0)),OFFSET(INDIRECT("'"&'DATA for charts'!$F$5&"'!$e70"),$AM23,0),"") -> 2.6989266 | P23: =IF(ISBLANK(OFFSET(INDIRECT("'"&'DATA for charts'!$F$5&"'!$f70"),$AM23,0)),"",(OFFSET(INDIRECT("'"&'DATA for charts'!$F$5&"'!$f70"),$AM23,0))) -> Feb | Q23: =IF(ISNUMBER(OFFSET(INDIRECT("'"&'DATA for charts'!$F$5&"'!$g70"),$AM23,0)),OFFSET(INDIRECT("'"&'DATA for charts'!$F$5&"'!$g70"),$AM23,0),"") -> 9 | R23: =IF(ISNUMBER(OFFSET(INDIRECT("'"&'DATA for charts'!$F$5&"'!$h70"),$AM23,0)),OFFSET(INDIRECT("'"&'DATA for charts'!$F$5&"'!$h70"),$AM23,0),"") -> 6 | S23: =IF(ISNUMBER(OFFSET(INDIRECT("'"&'DATA for charts'!$G$5&"'!$e70"),$AM23,0)),OFFSET(INDIRECT("'"&'DATA for charts'!$G$5&"'!$e70"),$AM23,0),"") -> 2.684 | T23: =IF(ISBLANK(OFFSET(INDIRECT("'"&'DATA for charts'!$G$5&"'!$f70"),$AM23,0)),"",(OFFSET(INDIRECT("'"&'DATA for charts'!$G$5&"'!$f70"),$AM23,0))) -> Feb | U23: =IF(ISNUMBER(OFFSET(INDIRECT("'"&'DATA for charts'!$G$5&"'!$g70"),$AM23,0)),OFFSET(INDIRECT("'"&'DATA for charts'!$G$5&"'!$g70"),$AM23,0),"") -> 9 | V23: =IF(ISNUMBER(OFFSET(INDIRECT("'"&'DATA for charts'!$G$5&"'!$h70"),$AM23,0)),OFFSET(INDIRECT("'"&'DATA for charts'!$G$5&"'!$h70"),$AM23,0),"") -> 7 | W23: =IF(ISNUMBER(OFFSET(INDIRECT("'"&'DATA for charts'!$H$5&"'!$e70"),$AM23,0)),OFFSET(INDIRECT("'"&'DATA for charts'!$H$5&"'!$e70"),$AM23,0),"") -> 2.7991948 | X23: =IF(ISBLANK(OFFSET(INDIRECT("'"&'DATA for charts'!$H$5&"'!$f70"),$AM23,0)),"",(OFFSET(INDIRECT("'"&'DATA for charts'!$H$5&"'!$f70"),$AM23,0))) -> Feb | Y23: =IF(ISNUMBER(OFFSET(INDIRECT("'"&'DATA for charts'!$H$5&"'!$g70"),$AM23,0)),OFFSET(INDIRECT("'"&'DATA for charts'!$H$5&"'!$g70"),$AM23,0),"") -> 9 | Z23: =IF(ISNUMBER(OFFSET(INDIRECT("'"&'DATA for charts'!$H$5&"'!$h70"),$AM23,0)),OFFSET(INDIRECT("'"&'DATA for charts'!$H$5&"'!$h70"),$AM23,0),"") -> 6 | AA23: =MIN(C23,G23,K23,O23,S23,W23) -> 2.469025 | AB23: =MAX(C23,G23,K23,O23,S23,W23) -> 2.7991948 | AC23: =AVERAGE(C23,G23,K23,O23,S23,W23) -> 2.6476911 | AD23: =IF(AC23=0,"----",ABS((AB23-AA23)/AC23)) -> 0.12470102 | AF23: =IF(ISNUMBER(YourData!$E82),YourData!$E82,"") | AG23: =IF(ISBLANK(YourData!$F82),"",YourData!$F82) | AH23: =IF(ISNUMBER(YourData!$G82),YourData!$G82,"") | AI23: =IF(ISNUMBER(YourData!$H82),YourData!$H82,"") | AL23: 7 | AM23: =AM22+1 -> 12
B24: 920 East & West Windows | C24: =IF(ISNUMBER(OFFSET(INDIRECT("'"&'DATA for charts'!$C$5&"'!$e70"),$AM24,0)),OFFSET(INDIRECT("'"&'DATA for charts'!$C$5&"'!$e70"),$AM24,0),"") -> 2.895 | D24: =IF(ISBLANK(OFFSET(INDIRECT("'"&'DATA for charts'!$C$5&"'!$f70"),$AM24,0)),"",(OFFSET(INDIRECT("'"&'DATA for charts'!$C$5&"'!$f70"),$AM24,0))) -> Nov | E24: =IF(ISNUMBER(OFFSET(INDIRECT("'"&'DATA for charts'!$C$5&"'!$g70"),$AM24,0)),OFFSET(INDIRECT("'"&'DATA for charts'!$C$5&"'!$g70"),$AM24,0),"") -> 26 | F24: =IF(ISNUMBER(OFFSET(INDIRECT("'"&'DATA for charts'!$C$5&"'!$h70"),$AM24,0)),OFFSET(INDIRECT("'"&'DATA for charts'!$C$5&"'!$h70"),$AM24,0),"") -> 8 | G24: =IF(ISNUMBER(OFFSET(INDIRECT("'"&'DATA for charts'!$D$5&"'!$e70"),$AM24,0)),OFFSET(INDIRECT("'"&'DATA for charts'!$D$5&"'!$e70"),$AM24,0),"") -> 2.512426 | H24: =IF(ISBLANK(OFFSET(INDIRECT("'"&'DATA for charts'!$D$5&"'!$f70"),$AM24,0)),"",(OFFSET(INDIRECT("'"&'DATA for charts'!$D$5&"'!$f70"),$AM24,0))) -> Feb | I24: =IF(ISNUMBER(OFFSET(INDIRECT("'"&'DATA for charts'!$D$5&"'!$g70"),$AM24,0)),OFFSET(INDIRECT("'"&'DATA for charts'!$D$5&"'!$g70"),$AM24,0),"") -> 9 | J24: =IF(ISNUMBER(OFFSET(INDIRECT("'"&'DATA for charts'!$D$5&"'!$h70"),$AM24,0)),OFFSET(INDIRECT("'"&'DATA for charts'!$D$5&"'!$h70"),$AM24,0),"") -> 6 | K24: =IF(ISNUMBER(OFFSET(INDIRECT("'"&'DATA for charts'!$E$5&"'!$e70"),$AM24,0)),OFFSET(INDIRECT("'"&'DATA for charts'!$E$5&"'!$e70"),$AM24,0),"") -> 2.513 | L24: =IF(ISBLANK(OFFSET(INDIRECT("'"&'DATA for charts'!$E$5&"'!$f70"),$AM24,0)),"",(OFFSET(INDIRECT("'"&'DATA for charts'!$E$5&"'!$f70"),$AM24,0))) -> Feb | M24: =IF(ISNUMBER(OFFSET(INDIRECT("'"&'DATA for charts'!$E$5&"'!$g70"),$AM24,0)),OFFSET(INDIRECT("'"&'DATA for charts'!$E$5&"'!$g70"),$AM24,0),"") -> 9 | N24: =IF(ISNUMBER(OFFSET(INDIRECT("'"&'DATA for charts'!$E$5&"'!$h70"),$AM24,0)),OFFSET(INDIRECT("'"&'DATA for charts'!$E$5&"'!$h70"),$AM24,0),"") -> 5 | O24: =IF(ISNUMBER(OFFSET(INDIRECT("'"&'DATA for charts'!$F$5&"'!$e70"),$AM24,0)),OFFSET(INDIRECT("'"&'DATA for charts'!$F$5&"'!$e70"),$AM24,0),"") -> 2.7701794 | P24: =IF(ISBLANK(OFFSET(INDIRECT("'"&'DATA for charts'!$F$5&"'!$f70"),$AM24,0)),"",(OFFSET(INDIRECT("'"&'DATA for charts'!$F$5&"'!$f70"),$AM24,0))) -> Feb | Q24: =IF(ISNUMBER(OFFSET(INDIRECT("'"&'DATA for charts'!$F$5&"'!$g70"),$AM24,0)),OFFSET(INDIRECT("'"&'DATA for charts'!$F$5&"'!$g70"),$AM24,0),"") -> 9 | R24: =IF(ISNUMBER(OFFSET(INDIRECT("'"&'DATA for charts'!$F$5&"'!$h70"),$AM24,0)),OFFSET(INDIRECT("'"&'DATA for charts'!$F$5&"'!$h70"),$AM24,0),"") -> 6 | S24: =IF(ISNUMBER(OFFSET(INDIRECT("'"&'DATA for charts'!$G$5&"'!$e70"),$AM24,0)),OFFSET(INDIRECT("'"&'DATA for charts'!$G$5&"'!$e70"),$AM24,0),"") -> 2.706 | T24: =IF(ISBLANK(OFFSET(INDIRECT("'"&'DATA for charts'!$G$5&"'!$f70"),$AM24,0)),"",(OFFSET(INDIRECT("'"&'DATA for charts'!$G$5&"'!$f70"),$AM24,0))) -> Feb | U24: =IF(ISNUMBER(OFFSET(INDIRECT("'"&'DATA for charts'!$G$5&"'!$g70"),$AM24,0)),OFFSET(INDIRECT("'"&'DATA for charts'!$G$5&"'!$g70"),$AM24,0),"") -> 9 | V24: =IF(ISNUMBER(OFFSET(INDIRECT("'"&'DATA for charts'!$G$5&"'!$h70"),$AM24,0)),OFFSET(INDIRECT("'"&'DATA for charts'!$G$5&"'!$h70"),$AM24,0),"") -> 7 | W24: =IF(ISNUMBER(OFFSET(INDIRECT("'"&'DATA for charts'!$H$5&"'!$e70"),$AM24,0)),OFFSET(INDIRECT("'"&'DATA for charts'!$H$5&"'!$e70"),$AM24,0),"") -> 2.8642743 | X24: =IF(ISBLANK(OFFSET(INDIRECT("'"&'DATA for charts'!$H$5&"'!$f70"),$AM24,0)),"",(OFFSET(INDIRECT("'"&'DATA for charts'!$H$5&"'!$f70"),$AM24,0))) -> Feb | Y24: =IF(ISNUMBER(OFFSET(INDIRECT("'"&'DATA for charts'!$H$5&"'!$g70"),$AM24,0)),OFFSET(INDIRECT("'"&'DATA for charts'!$H$5&"'!$g70"),$AM24,0),"") -> 9 | Z24: =IF(ISNUMBER(OFFSET(INDIRECT("'"&'DATA for charts'!$H$5&"'!$h70"),$AM24,0)),OFFSET(INDIRECT("'"&'DATA for charts'!$H$5&"'!$h70"),$AM24,0),"") -> 6 | AA24: =MIN(C24,G24,K24,O24,S24,W24) -> 2.512426 | AB24: =MAX(C24,G24,K24,O24,S24,W24) -> 2.895 | AC24: =AVERAGE(C24,G24,K24,O24,S24,W24) -> 2.7101466 | AD24: =IF(AC24=0,"----",ABS((AB24-AA24)/AC24)) -> 0.14116358 | AF24: =IF(ISNUMBER(YourData!$E83),YourData!$E83,"") | AG24: =IF(ISBLANK(YourData!$F83),"",YourData!$F83) | AH24: =IF(ISNUMBER(YourData!$G83),YourData!$G83,"") | AI24: =IF(ISNUMBER(YourData!$H83),YourData!$H83,"") | AL24: 8 | AM24: =AM23+1 -> 13
B25: 930 E&W Windows + Overhang & Fins | C25: =IF(ISNUMBER(OFFSET(INDIRECT("'"&'DATA for charts'!$C$5&"'!$e70"),$AM25,0)),OFFSET(INDIRECT("'"&'DATA for charts'!$C$5&"'!$e70"),$AM25,0),"") -> 2.968 | D25: =IF(ISBLANK(OFFSET(INDIRECT("'"&'DATA for charts'!$C$5&"'!$f70"),$AM25,0)),"",(OFFSET(INDIRECT("'"&'DATA for charts'!$C$5&"'!$f70"),$AM25,0))) -> Dec | E25: =IF(ISNUMBER(OFFSET(INDIRECT("'"&'DATA for charts'!$C$5&"'!$g70"),$AM25,0)),OFFSET(INDIRECT("'"&'DATA for charts'!$C$5&"'!$g70"),$AM25,0),"") -> 31 | F25: =IF(ISNUMBER(OFFSET(INDIRECT("'"&'DATA for charts'!$C$5&"'!$h70"),$AM25,0)),OFFSET(INDIRECT("'"&'DATA for charts'!$C$5&"'!$h70"),$AM25,0),"") -> 24 | G25: =IF(ISNUMBER(OFFSET(INDIRECT("'"&'DATA for charts'!$D$5&"'!$e70"),$AM25,0)),OFFSET(INDIRECT("'"&'DATA for charts'!$D$5&"'!$e70"),$AM25,0),"") -> 2.536968 | H25: =IF(ISBLANK(OFFSET(INDIRECT("'"&'DATA for charts'!$D$5&"'!$f70"),$AM25,0)),"",(OFFSET(INDIRECT("'"&'DATA for charts'!$D$5&"'!$f70"),$AM25,0))) -> Feb | I25: =IF(ISNUMBER(OFFSET(INDIRECT("'"&'DATA for charts'!$D$5&"'!$g70"),$AM25,0)),OFFSET(INDIRECT("'"&'DATA for charts'!$D$5&"'!$g70"),$AM25,0),"") -> 9 | J25: =IF(ISNUMBER(OFFSET(INDIRECT("'"&'DATA for charts'!$D$5&"'!$h70"),$AM25,0)),OFFSET(INDIRECT("'"&'DATA for charts'!$D$5&"'!$h70"),$AM25,0),"") -> 6 | K25: =IF(ISNUMBER(OFFSET(INDIRECT("'"&'DATA for charts'!$E$5&"'!$e70"),$AM25,0)),OFFSET(INDIRECT("'"&'DATA for charts'!$E$5&"'!$e70"),$AM25,0),"") -> 2.549 | L25: =IF(ISBLANK(OFFSET(INDIRECT("'"&'DATA for charts'!$E$5&"'!$f70"),$AM25,0)),"",(OFFSET(INDIRECT("'"&'DATA for charts'!$E$5&"'!$f70"),$AM25,0))) -> Feb | M25: =IF(ISNUMBER(OFFSET(INDIRECT("'"&'DATA for charts'!$E$5&"'!$g70"),$AM25,0)),OFFSET(INDIRECT("'"&'DATA for charts'!$E$5&"'!$g70"),$AM25,0),"") -> 9 | N25: =IF(ISNUMBER(OFFSET(INDIRECT("'"&'DATA for charts'!$E$5&"'!$h70"),$AM25,0)),OFFSET(INDIRECT("'"&'DATA for charts'!$E$5&"'!$h70"),$AM25,0),"") -> 5 | O25: =IF(ISNUMBER(OFFSET(INDIRECT("'"&'DATA for charts'!$F$5&"'!$e70"),$AM25,0)),OFFSET(INDIRECT("'"&'DATA for charts'!$F$5&"'!$e70"),$AM25,0),"") -> 2.7848983 | P25: =IF(ISBLANK(OFFSET(INDIRECT("'"&'DATA for charts'!$F$5&"'!$f70"),$AM25,0)),"",(OFFSET(INDIRECT("'"&'DATA for charts'!$F$5&"'!$f70"),$AM25,0))) -> Feb | Q25: =IF(ISNUMBER(OFFSET(INDIRECT("'"&'DATA for charts'!$F$5&"'!$g70"),$AM25,0)),OFFSET(INDIRECT("'"&'DATA for charts'!$F$5&"'!$g70"),$AM25,0),"") -> 9 | R25: =IF(ISNUMBER(OFFSET(INDIRECT("'"&'DATA for charts'!$F$5&"'!$h70"),$AM25,0)),OFFSET(INDIRECT("'"&'DATA for charts'!$F$5&"'!$h70"),$AM25,0),"") -> 6 | S25: =IF(ISNUMBER(OFFSET(INDIRECT("'"&'DATA for charts'!$G$5&"'!$e70"),$AM25,0)),OFFSET(INDIRECT("'"&'DATA for charts'!$G$5&"'!$e70"),$AM25,0),"") -> 2.765 | T25: =IF(ISBLANK(OFFSET(INDIRECT("'"&'DATA for charts'!$G$5&"'!$f70"),$AM25,0)),"",(OFFSET(INDIRECT("'"&'DATA for charts'!$G$5&"'!$f70"),$AM25,0))) -> Feb | U25: =IF(ISNUMBER(OFFSET(INDIRECT("'"&'DATA for charts'!$G$5&"'!$g70"),$AM25,0)),OFFSET(INDIRECT("'"&'DATA for charts'!$G$5&"'!$g70"),$AM25,0),"") -> 9 | V25: =IF(ISNUMBER(OFFSET(INDIRECT("'"&'DATA for charts'!$G$5&"'!$h70"),$AM25,0)),OFFSET(INDIRECT("'"&'DATA for charts'!$G$5&"'!$h70"),$AM25,0),"") -> 6 | W25: =IF(ISNUMBER(OFFSET(INDIRECT("'"&'DATA for charts'!$H$5&"'!$e70"),$AM25,0)),OFFSET(INDIRECT("'"&'DATA for charts'!$H$5&"'!$e70"),$AM25,0),"") -> 2.9004144 | X25: =IF(ISBLANK(OFFSET(INDIRECT("'"&'DATA for charts'!$H$5&"'!$f70"),$AM25,0)),"",(OFFSET(INDIRECT("'"&'DATA for charts'!$H$5&"'!$f70"),$AM25,0))) -> Feb | Y25: =IF(ISNUMBER(OFFSET(INDIRECT("'"&'DATA for charts'!$H$5&"'!$g70"),$AM25,0)),OFFSET(INDIRECT("'"&'DATA for charts'!$H$5&"'!$g70"),$AM25,0),"") -> 9 | Z25: =IF(ISNUMBER(OFFSET(INDIRECT("'"&'DATA for charts'!$H$5&"'!$h70"),$AM25,0)),OFFSET(INDIRECT("'"&'DATA for charts'!$H$5&"'!$h70"),$AM25,0),"") -> 6 | AA25: =MIN(C25,G25,K25,O25,S25,W25) -> 2.536968 | AB25: =MAX(C25,G25,K25,O25,S25,W25) -> 2.968 | AC25: =AVERAGE(C25,G25,K25,O25,S25,W25) -> 2.7507134 | AD25: =IF(AC25=0,"----",ABS((AB25-AA25)/AC25)) -> 0.15669826 | AF25: =IF(ISNUMBER(YourData!$E84),YourData!$E84,"") | AG25: =IF(ISBLANK(YourData!$F84),"",YourData!$F84) | AH25: =IF(ISNUMBER(YourData!$G84),YourData!$G84,"") | AI25: =IF(ISNUMBER(YourData!$H84),YourData!$H84,"") | AL25: 9 | AM25: =AM24+1 -> 14
B26: 940 Case 900 with Htg. Temp. Setback | C26: =IF(ISNUMBER(OFFSET(INDIRECT("'"&'DATA for charts'!$C$5&"'!$e70"),$AM26,0)),OFFSET(INDIRECT("'"&'DATA for charts'!$C$5&"'!$e70"),$AM26,0),"") -> 3.882 | D26: =IF(ISBLANK(OFFSET(INDIRECT("'"&'DATA for charts'!$C$5&"'!$f70"),$AM26,0)),"",(OFFSET(INDIRECT("'"&'DATA for charts'!$C$5&"'!$f70"),$AM26,0))) -> Feb | E26: =IF(ISNUMBER(OFFSET(INDIRECT("'"&'DATA for charts'!$C$5&"'!$g70"),$AM26,0)),OFFSET(INDIRECT("'"&'DATA for charts'!$C$5&"'!$g70"),$AM26,0),"") -> 8 | F26: =IF(ISNUMBER(OFFSET(INDIRECT("'"&'DATA for charts'!$C$5&"'!$h70"),$AM26,0)),OFFSET(INDIRECT("'"&'DATA for charts'!$C$5&"'!$h70"),$AM26,0),"") -> 9 | G26: =IF(ISNUMBER(OFFSET(INDIRECT("'"&'DATA for charts'!$D$5&"'!$e70"),$AM26,0)),OFFSET(INDIRECT("'"&'DATA for charts'!$D$5&"'!$e70"),$AM26,0),"") -> 3.051914 | H26: =IF(ISBLANK(OFFSET(INDIRECT("'"&'DATA for charts'!$D$5&"'!$f70"),$AM26,0)),"",(OFFSET(INDIRECT("'"&'DATA for charts'!$D$5&"'!$f70"),$AM26,0))) -> Jan | I26: =IF(ISNUMBER(OFFSET(INDIRECT("'"&'DATA for charts'!$D$5&"'!$g70"),$AM26,0)),OFFSET(INDIRECT("'"&'DATA for charts'!$D$5&"'!$g70"),$AM26,0),"") -> 1 | J26: =IF(ISNUMBER(OFFSET(INDIRECT("'"&'DATA for charts'!$D$5&"'!$h70"),$AM26,0)),OFFSET(INDIRECT("'"&'DATA for charts'!$D$5&"'!$h70"),$AM26,0),"") -> 9 | K26: =IF(ISNUMBER(OFFSET(INDIRECT("'"&'DATA for charts'!$E$5&"'!$e70"),$AM26,0)),OFFSET(INDIRECT("'"&'DATA for charts'!$E$5&"'!$e70"),$AM26,0),"") -> 3.659 | L26: =IF(ISBLANK(OFFSET(INDIRECT("'"&'DATA for charts'!$E$5&"'!$f70"),$AM26,0)),"",(OFFSET(INDIRECT("'"&'DATA for charts'!$E$5&"'!$f70"),$AM26,0))) -> Feb | M26: =IF(ISNUMBER(OFFSET(INDIRECT("'"&'DATA for charts'!$E$5&"'!$g70"),$AM26,0)),OFFSET(INDIRECT("'"&'DATA for charts'!$E$5&"'!$g70"),$AM26,0),"") -> 9 | N26: =IF(ISNUMBER(OFFSET(INDIRECT("'"&'DATA for charts'!$E$5&"'!$h70"),$AM26,0)),OFFSET(INDIRECT("'"&'DATA for charts'!$E$5&"'!$h70"),$AM26,0),"") -> 7 | O26: =IF(ISNUMBER(OFFSET(INDIRECT("'"&'DATA for charts'!$F$5&"'!$e70"),$AM26,0)),OFFSET(INDIRECT("'"&'DATA for charts'!$F$5&"'!$e70"),$AM26,0),"") -> 3.1427691 | P26: =IF(ISBLANK(OFFSET(INDIRECT("'"&'DATA for charts'!$F$5&"'!$f70"),$AM26,0)),"",(OFFSET(INDIRECT("'"&'DATA for charts'!$F$5&"'!$f70"),$AM26,0))) -> Dec | Q26: =IF(ISNUMBER(OFFSET(INDIRECT("'"&'DATA for charts'!$F$5&"'!$g70"),$AM26,0)),OFFSET(INDIRECT("'"&'DATA for charts'!$F$5&"'!$g70"),$AM26,0),"") -> 31 | R26: =IF(ISNUMBER(OFFSET(INDIRECT("'"&'DATA for charts'!$F$5&"'!$h70"),$AM26,0)),OFFSET(INDIRECT("'"&'DATA for charts'!$F$5&"'!$h70"),$AM26,0),"") -> 9 | S26: =IF(ISNUMBER(OFFSET(INDIRECT("'"&'DATA for charts'!$G$5&"'!$e70"),$AM26,0)),OFFSET(INDIRECT("'"&'DATA for charts'!$G$5&"'!$e70"),$AM26,0),"") -> 3.122 | T26: =IF(ISBLANK(OFFSET(INDIRECT("'"&'DATA for charts'!$G$5&"'!$f70"),$AM26,0)),"",(OFFSET(INDIRECT("'"&'DATA for charts'!$G$5&"'!$f70"),$AM26,0))) -> Feb | U26: =IF(ISNUMBER(OFFSET(INDIRECT("'"&'DATA for charts'!$G$5&"'!$g70"),$AM26,0)),OFFSET(INDIRECT("'"&'DATA for charts'!$G$5&"'!$g70"),$AM26,0),"") -> 9 | V26: =IF(ISNUMBER(OFFSET(INDIRECT("'"&'DATA for charts'!$G$5&"'!$h70"),$AM26,0)),OFFSET(INDIRECT("'"&'DATA for charts'!$G$5&"'!$h70"),$AM26,0),"") -> 9 | W26: =IF(ISNUMBER(OFFSET(INDIRECT("'"&'DATA for charts'!$H$5&"'!$e70"),$AM26,0)),OFFSET(INDIRECT("'"&'DATA for charts'!$H$5&"'!$e70"),$AM26,0),"") -> 3.404824 | X26: =IF(ISBLANK(OFFSET(INDIRECT("'"&'DATA for charts'!$H$5&"'!$f70"),$AM26,0)),"",(OFFSET(INDIRECT("'"&'DATA for charts'!$H$5&"'!$f70"),$AM26,0))) -> Jan | Y26: =IF(ISNUMBER(OFFSET(INDIRECT("'"&'DATA for charts'!$H$5&"'!$g70"),$AM26,0)),OFFSET(INDIRECT("'"&'DATA for charts'!$H$5&"'!$g70"),$AM26,0),"") -> 1 | Z26: =IF(ISNUMBER(OFFSET(INDIRECT("'"&'DATA for charts'!$H$5&"'!$h70"),$AM26,0)),OFFSET(INDIRECT("'"&'DATA for charts'!$H$5&"'!$h70"),$AM26,0),"") -> 9 | AA26: =MIN(C26,G26,K26,O26,S26,W26) -> 3.051914 | AB26: =MAX(C26,G26,K26,O26,S26,W26) -> 3.882 | AC26: =AVERAGE(C26,G26,K26,O26,S26,W26) -> 3.3770845 | AD26: =IF(AC26=0,"----",ABS((AB26-AA26)/AC26)) -> 0.24579959 | AF26: =IF(ISNUMBER(YourData!$E85),YourData!$E85,"") | AG26: =IF(ISBLANK(YourData!$F85),"",YourData!$F85) | AH26: =IF(ISNUMBER(YourData!$G85),YourData!$G85,"") | AI26: =IF(ISNUMBER(YourData!$H85),YourData!$H85,"") | AL26: 10 | AM26: =AM25+1 -> 15
B27: 950 Case 900 with Night Ventilation | C27: =IF(ISNUMBER(OFFSET(INDIRECT("'"&'DATA for charts'!$C$5&"'!$e70"),$AM27,0)),OFFSET(INDIRECT("'"&'DATA for charts'!$C$5&"'!$e70"),$AM27,0),"") -> 0 | D27: =IF(ISBLANK(OFFSET(INDIRECT("'"&'DATA for charts'!$C$5&"'!$f70"),$AM27,0)),"",(OFFSET(INDIRECT("'"&'DATA for charts'!$C$5&"'!$f70"),$AM27,0))) | E27: =IF(ISNUMBER(OFFSET(INDIRECT("'"&'DATA for charts'!$C$5&"'!$g70"),$AM27,0)),OFFSET(INDIRECT("'"&'DATA for charts'!$C$5&"'!$g70"),$AM27,0),"") | F27: =IF(ISNUMBER(OFFSET(INDIRECT("'"&'DATA for charts'!$C$5&"'!$h70"),$AM27,0)),OFFSET(INDIRECT("'"&'DATA for charts'!$C$5&"'!$h70"),$AM27,0),"") | G27: =IF(ISNUMBER(OFFSET(INDIRECT("'"&'DATA for charts'!$D$5&"'!$e70"),$AM27,0)),OFFSET(INDIRECT("'"&'DATA for charts'!$D$5&"'!$e70"),$AM27,0),"") -> 0 | H27: =IF(ISBLANK(OFFSET(INDIRECT("'"&'DATA for charts'!$D$5&"'!$f70"),$AM27,0)),"",(OFFSET(INDIRECT("'"&'DATA for charts'!$D$5&"'!$f70"),$AM27,0))) -> Jan | I27: =IF(ISNUMBER(OFFSET(INDIRECT("'"&'DATA for charts'!$D$5&"'!$g70"),$AM27,0)),OFFSET(INDIRECT("'"&'DATA for charts'!$D$5&"'!$g70"),$AM27,0),"") -> 1 | J27: =IF(ISNUMBER(OFFSET(INDIRECT("'"&'DATA for charts'!$D$5&"'!$h70"),$AM27,0)),OFFSET(INDIRECT("'"&'DATA for charts'!$D$5&"'!$h70"),$AM27,0),"") -> 1 | K27: =IF(ISNUMBER(OFFSET(INDIRECT("'"&'DATA for charts'!$E$5&"'!$e70"),$AM27,0)),OFFSET(INDIRECT("'"&'DATA for charts'!$E$5&"'!$e70"),$AM27,0),"") -> 0 | L27: =IF(ISBLANK(OFFSET(INDIRECT("'"&'DATA for charts'!$E$5&"'!$f70"),$AM27,0)),"",(OFFSET(INDIRECT("'"&'DATA for charts'!$E$5&"'!$f70"),$AM27,0))) | M27: =IF(ISNUMBER(OFFSET(INDIRECT("'"&'DATA for charts'!$E$5&"'!$g70"),$AM27,0)),OFFSET(INDIRECT("'"&'DATA for charts'!$E$5&"'!$g70"),$AM27,0),"") | N27: =IF(ISNUMBER(OFFSET(INDIRECT("'"&'DATA for charts'!$E$5&"'!$h70"),$AM27,0)),OFFSET(INDIRECT("'"&'DATA for charts'!$E$5&"'!$h70"),$AM27,0),"") | O27: =IF(ISNUMBER(OFFSET(INDIRECT("'"&'DATA for charts'!$F$5&"'!$e70"),$AM27,0)),OFFSET(INDIRECT("'"&'DATA for charts'!$F$5&"'!$e70"),$AM27,0),"") -> 0 | P27: =IF(ISBLANK(OFFSET(INDIRECT("'"&'DATA for charts'!$F$5&"'!$f70"),$AM27,0)),"",(OFFSET(INDIRECT("'"&'DATA for charts'!$F$5&"'!$f70"),$AM27,0))) -> Jan | Q27: =IF(ISNUMBER(OFFSET(INDIRECT("'"&'DATA for charts'!$F$5&"'!$g70"),$AM27,0)),OFFSET(INDIRECT("'"&'DATA for charts'!$F$5&"'!$g70"),$AM27,0),"") -> 1 | R27: =IF(ISNUMBER(OFFSET(INDIRECT("'"&'DATA for charts'!$F$5&"'!$h70"),$AM27,0)),OFFSET(INDIRECT("'"&'DATA for charts'!$F$5&"'!$h70"),$AM27,0),"") -> 1 | S27: =IF(ISNUMBER(OFFSET(INDIRECT("'"&'DATA for charts'!$G$5&"'!$e70"),$AM27,0)),OFFSET(INDIRECT("'"&'DATA for charts'!$G$5&"'!$e70"),$AM27,0),"") -> 0 | T27: =IF(ISBLANK(OFFSET(INDIRECT("'"&'DATA for charts'!$G$5&"'!$f70"),$AM27,0)),"",(OFFSET(INDIRECT("'"&'DATA for charts'!$G$5&"'!$f70"),$AM27,0))) -> Jan | U27: =IF(ISNUMBER(OFFSET(INDIRECT("'"&'DATA for charts'!$G$5&"'!$g70"),$AM27,0)),OFFSET(INDIRECT("'"&'DATA for charts'!$G$5&"'!$g70"),$AM27,0),"") -> 1 | V27: =IF(ISNUMBER(OFFSET(INDIRECT("'"&'DATA for charts'!$G$5&"'!$h70"),$AM27,0)),OFFSET(INDIRECT("'"&'DATA for charts'!$G$5&"'!$h70"),$AM27,0),"") -> 1 | W27: =IF(ISNUMBER(OFFSET(INDIRECT("'"&'DATA for charts'!$H$5&"'!$e70"),$AM27,0)),OFFSET(INDIRECT("'"&'DATA for charts'!$H$5&"'!$e70"),$AM27,0),"") -> 0 | X27: =IF(ISBLANK(OFFSET(INDIRECT("'"&'DATA for charts'!$H$5&"'!$f70"),$AM27,0)),"",(OFFSET(INDIRECT("'"&'DATA for charts'!$H$5&"'!$f70"),$AM27,0))) -> Dec | Y27: =IF(ISNUMBER(OFFSET(INDIRECT("'"&'DATA for charts'!$H$5&"'!$g70"),$AM27,0)),OFFSET(INDIRECT("'"&'DATA for charts'!$H$5&"'!$g70"),$AM27,0),"") -> 31 | Z27: =IF(ISNUMBER(OFFSET(INDIRECT("'"&'DATA for charts'!$H$5&"'!$h70"),$AM27,0)),OFFSET(INDIRECT("'"&'DATA for charts'!$H$5&"'!$h70"),$AM27,0),"") -> 0 | AA27: =MIN(C27,G27,K27,O27,S27,W27) -> 0 | AB27: =MAX(C27,G27,K27,O27,S27,W27) -> 0 | AC27: =AVERAGE(C27,G27,K27,O27,S27,W27) -> 0 | AD27: =IF(AC27=0,"----",ABS((AB27-AA27)/AC27)) -> ---- | AF27: =IF(ISNUMBER(YourData!$E86),YourData!$E86,"") | AG27: =IF(ISBLANK(YourData!$F86),"",YourData!$F86) | AH27: =IF(ISNUMBER(YourData!$G86),YourData!$G86,"") | AI27: =IF(ISNUMBER(YourData!$H86),YourData!$H86,"") | AL27: 11 | AM27: =AM26+1 -> 16
B28: 960 Sunspace | C28: =IF(ISNUMBER(OFFSET(INDIRECT("'"&'DATA for charts'!$C$5&"'!$e70"),$AM28,0)),OFFSET(INDIRECT("'"&'DATA for charts'!$C$5&"'!$e70"),$AM28,0),"") | D28: =IF(ISBLANK(OFFSET(INDIRECT("'"&'DATA for charts'!$C$5&"'!$f70"),$AM28,0)),"",(OFFSET(INDIRECT("'"&'DATA for charts'!$C$5&"'!$f70"),$AM28,0))) | E28: =IF(ISNUMBER(OFFSET(INDIRECT("'"&'DATA for charts'!$C$5&"'!$g70"),$AM28,0)),OFFSET(INDIRECT("'"&'DATA for charts'!$C$5&"'!$g70"),$AM28,0),"") | F28: =IF(ISNUMBER(OFFSET(INDIRECT("'"&'DATA for charts'!$C$5&"'!$h70"),$AM28,0)),OFFSET(INDIRECT("'"&'DATA for charts'!$C$5&"'!$h70"),$AM28,0),"") | G28: =IF(ISNUMBER(OFFSET(INDIRECT("'"&'DATA for charts'!$D$5&"'!$e70"),$AM28,0)),OFFSET(INDIRECT("'"&'DATA for charts'!$D$5&"'!$e70"),$AM28,0),"") -> 2.132035 | H28: =IF(ISBLANK(OFFSET(INDIRECT("'"&'DATA for charts'!$D$5&"'!$f70"),$AM28,0)),"",(OFFSET(INDIRECT("'"&'DATA for charts'!$D$5&"'!$f70"),$AM28,0))) -> Feb | I28: =IF(ISNUMBER(OFFSET(INDIRECT("'"&'DATA for charts'!$D$5&"'!$g70"),$AM28,0)),OFFSET(INDIRECT("'"&'DATA for charts'!$D$5&"'!$g70"),$AM28,0),"") -> 9 | J28: =IF(ISNUMBER(OFFSET(INDIRECT("'"&'DATA for charts'!$D$5&"'!$h70"),$AM28,0)),OFFSET(INDIRECT("'"&'DATA for charts'!$D$5&"'!$h70"),$AM28,0),"") -> 6 | K28: =IF(ISNUMBER(OFFSET(INDIRECT("'"&'DATA for charts'!$E$5&"'!$e70"),$AM28,0)),OFFSET(INDIRECT("'"&'DATA for charts'!$E$5&"'!$e70"),$AM28,0),"") -> 2.085 | L28: =IF(ISBLANK(OFFSET(INDIRECT("'"&'DATA for charts'!$E$5&"'!$f70"),$AM28,0)),"",(OFFSET(INDIRECT("'"&'DATA for charts'!$E$5&"'!$f70"),$AM28,0))) -> Jan | M28: =IF(ISNUMBER(OFFSET(INDIRECT("'"&'DATA for charts'!$E$5&"'!$g70"),$AM28,0)),OFFSET(INDIRECT("'"&'DATA for charts'!$E$5&"'!$g70"),$AM28,0),"") -> 1 | N28: =IF(ISNUMBER(OFFSET(INDIRECT("'"&'DATA for charts'!$E$5&"'!$h70"),$AM28,0)),OFFSET(INDIRECT("'"&'DATA for charts'!$E$5&"'!$h70"),$AM28,0),"") -> 0 | O28: =IF(ISNUMBER(OFFSET(INDIRECT("'"&'DATA for charts'!$F$5&"'!$e70"),$AM28,0)),OFFSET(INDIRECT("'"&'DATA for charts'!$F$5&"'!$e70"),$AM28,0),"") -> 2.259365 | P28: =IF(ISBLANK(OFFSET(INDIRECT("'"&'DATA for charts'!$F$5&"'!$f70"),$AM28,0)),"",(OFFSET(INDIRECT("'"&'DATA for charts'!$F$5&"'!$f70"),$AM28,0))) -> Feb | Q28: =IF(ISNUMBER(OFFSET(INDIRECT("'"&'DATA for charts'!$F$5&"'!$g70"),$AM28,0)),OFFSET(INDIRECT("'"&'DATA for charts'!$F$5&"'!$g70"),$AM28,0),"") -> 9 | R28: =IF(ISNUMBER(OFFSET(INDIRECT("'"&'DATA for charts'!$F$5&"'!$h70"),$AM28,0)),OFFSET(INDIRECT("'"&'DATA for charts'!$F$5&"'!$h70"),$AM28,0),"") -> 6 | S28: =IF(ISNUMBER(OFFSET(INDIRECT("'"&'DATA for charts'!$G$5&"'!$e70"),$AM28,0)),OFFSET(INDIRECT("'"&'DATA for charts'!$G$5&"'!$e70"),$AM28,0),"") -> 2.201 | T28: =IF(ISBLANK(OFFSET(INDIRECT("'"&'DATA for charts'!$G$5&"'!$f70"),$AM28,0)),"",(OFFSET(INDIRECT("'"&'DATA for charts'!$G$5&"'!$f70"),$AM28,0))) -> Feb | U28: =IF(ISNUMBER(OFFSET(INDIRECT("'"&'DATA for charts'!$G$5&"'!$g70"),$AM28,0)),OFFSET(INDIRECT("'"&'DATA for charts'!$G$5&"'!$g70"),$AM28,0),"") -> 9 | V28: =IF(ISNUMBER(OFFSET(INDIRECT("'"&'DATA for charts'!$G$5&"'!$h70"),$AM28,0)),OFFSET(INDIRECT("'"&'DATA for charts'!$G$5&"'!$h70"),$AM28,0),"") -> 6 | W28: =IF(ISNUMBER(OFFSET(INDIRECT("'"&'DATA for charts'!$H$5&"'!$e70"),$AM28,0)),OFFSET(INDIRECT("'"&'DATA for charts'!$H$5&"'!$e70"),$AM28,0),"") -> 2.3004019 | X28: =IF(ISBLANK(OFFSET(INDIRECT("'"&'DATA for charts'!$H$5&"'!$f70"),$AM28,0)),"",(OFFSET(INDIRECT("'"&'DATA for charts'!$H$5&"'!$f70"),$AM28,0))) -> Feb | Y28: =IF(ISNUMBER(OFFSET(INDIRECT("'"&'DATA for charts'!$H$5&"'!$g70"),$AM28,0)),OFFSET(INDIRECT("'"&'DATA for charts'!$H$5&"'!$g70"),$AM28,0),"") -> 9 | Z28: =IF(ISNUMBER(OFFSET(INDIRECT("'"&'DATA for charts'!$H$5&"'!$h70"),$AM28,0)),OFFSET(INDIRECT("'"&'DATA for charts'!$H$5&"'!$h70"),$AM28,0),"") -> 6 | AA28: =MIN(C28,G28,K28,O28,S28,W28) -> 2.085 | AB28: =MAX(C28,G28,K28,O28,S28,W28) -> 2.3004019 | AC28: =AVERAGE(C28,G28,K28,O28,S28,W28) -> 2.1955604 | AD28: =IF(AC28=0,"----",ABS((AB28-AA28)/AC28)) -> 0.098107947 | AF28: =IF(ISNUMBER(YourData!$E87),YourData!$E87,"") | AG28: =IF(ISBLANK(YourData!$F87),"",YourData!$F87) | AH28: =IF(ISNUMBER(YourData!$G87),YourData!$G87,"") | AI28: =IF(ISNUMBER(YourData!$H87),YourData!$H87,"") | AL28: 12 | AM28: =AM27+1 -> 17
B29: 980 Case 900 with Increased Insulation | C29: =IF(ISNUMBER(OFFSET(INDIRECT("'"&'DATA for charts'!$C$5&"'!$e70"),$AM29,0)),OFFSET(INDIRECT("'"&'DATA for charts'!$C$5&"'!$e70"),$AM29,0),"") -> 1.693 | D29: =IF(ISBLANK(OFFSET(INDIRECT("'"&'DATA for charts'!$C$5&"'!$f70"),$AM29,0)),"",(OFFSET(INDIRECT("'"&'DATA for charts'!$C$5&"'!$f70"),$AM29,0))) -> Feb | E29: =IF(ISNUMBER(OFFSET(INDIRECT("'"&'DATA for charts'!$C$5&"'!$g70"),$AM29,0)),OFFSET(INDIRECT("'"&'DATA for charts'!$C$5&"'!$g70"),$AM29,0),"") -> 8 | F29: =IF(ISNUMBER(OFFSET(INDIRECT("'"&'DATA for charts'!$C$5&"'!$h70"),$AM29,0)),OFFSET(INDIRECT("'"&'DATA for charts'!$C$5&"'!$h70"),$AM29,0),"") -> 24 | G29: =IF(ISNUMBER(OFFSET(INDIRECT("'"&'DATA for charts'!$D$5&"'!$e70"),$AM29,0)),OFFSET(INDIRECT("'"&'DATA for charts'!$D$5&"'!$e70"),$AM29,0),"") -> 1.25379 | H29: =IF(ISBLANK(OFFSET(INDIRECT("'"&'DATA for charts'!$D$5&"'!$f70"),$AM29,0)),"",(OFFSET(INDIRECT("'"&'DATA for charts'!$D$5&"'!$f70"),$AM29,0))) -> Feb | I29: =IF(ISNUMBER(OFFSET(INDIRECT("'"&'DATA for charts'!$D$5&"'!$g70"),$AM29,0)),OFFSET(INDIRECT("'"&'DATA for charts'!$D$5&"'!$g70"),$AM29,0),"") -> 9 | J29: =IF(ISNUMBER(OFFSET(INDIRECT("'"&'DATA for charts'!$D$5&"'!$h70"),$AM29,0)),OFFSET(INDIRECT("'"&'DATA for charts'!$D$5&"'!$h70"),$AM29,0),"") -> 6 | K29: =IF(ISNUMBER(OFFSET(INDIRECT("'"&'DATA for charts'!$E$5&"'!$e70"),$AM29,0)),OFFSET(INDIRECT("'"&'DATA for charts'!$E$5&"'!$e70"),$AM29,0),"") -> 1.382 | L29: =IF(ISBLANK(OFFSET(INDIRECT("'"&'DATA for charts'!$E$5&"'!$f70"),$AM29,0)),"",(OFFSET(INDIRECT("'"&'DATA for charts'!$E$5&"'!$f70"),$AM29,0))) -> Feb | M29: =IF(ISNUMBER(OFFSET(INDIRECT("'"&'DATA for charts'!$E$5&"'!$g70"),$AM29,0)),OFFSET(INDIRECT("'"&'DATA for charts'!$E$5&"'!$g70"),$AM29,0),"") -> 9 | N29: =IF(ISNUMBER(OFFSET(INDIRECT("'"&'DATA for charts'!$E$5&"'!$h70"),$AM29,0)),OFFSET(INDIRECT("'"&'DATA for charts'!$E$5&"'!$h70"),$AM29,0),"") -> 5 | O29: =IF(ISNUMBER(OFFSET(INDIRECT("'"&'DATA for charts'!$F$5&"'!$e70"),$AM29,0)),OFFSET(INDIRECT("'"&'DATA for charts'!$F$5&"'!$e70"),$AM29,0),"") -> 1.5378338 | P29: =IF(ISBLANK(OFFSET(INDIRECT("'"&'DATA for charts'!$F$5&"'!$f70"),$AM29,0)),"",(OFFSET(INDIRECT("'"&'DATA for charts'!$F$5&"'!$f70"),$AM29,0))) -> Feb | Q29: =IF(ISNUMBER(OFFSET(INDIRECT("'"&'DATA for charts'!$F$5&"'!$g70"),$AM29,0)),OFFSET(INDIRECT("'"&'DATA for charts'!$F$5&"'!$g70"),$AM29,0),"") -> 9 | R29: =IF(ISNUMBER(OFFSET(INDIRECT("'"&'DATA for charts'!$F$5&"'!$h70"),$AM29,0)),OFFSET(INDIRECT("'"&'DATA for charts'!$F$5&"'!$h70"),$AM29,0),"") -> 6 | S29: =IF(ISNUMBER(OFFSET(INDIRECT("'"&'DATA for charts'!$G$5&"'!$e70"),$AM29,0)),OFFSET(INDIRECT("'"&'DATA for charts'!$G$5&"'!$e70"),$AM29,0),"") -> 1.473 | T29: =IF(ISBLANK(OFFSET(INDIRECT("'"&'DATA for charts'!$G$5&"'!$f70"),$AM29,0)),"",(OFFSET(INDIRECT("'"&'DATA for charts'!$G$5&"'!$f70"),$AM29,0))) -> Feb | U29: =IF(ISNUMBER(OFFSET(INDIRECT("'"&'DATA for charts'!$G$5&"'!$g70"),$AM29,0)),OFFSET(INDIRECT("'"&'DATA for charts'!$G$5&"'!$g70"),$AM29,0),"") -> 9 | V29: =IF(ISNUMBER(OFFSET(INDIRECT("'"&'DATA for charts'!$G$5&"'!$h70"),$AM29,0)),OFFSET(INDIRECT("'"&'DATA for charts'!$G$5&"'!$h70"),$AM29,0),"") -> 7 | W29: =IF(ISNUMBER(OFFSET(INDIRECT("'"&'DATA for charts'!$H$5&"'!$e70"),$AM29,0)),OFFSET(INDIRECT("'"&'DATA for charts'!$H$5&"'!$e70"),$AM29,0),"") -> 1.5921386 | X29: =IF(ISBLANK(OFFSET(INDIRECT("'"&'DATA for charts'!$H$5&"'!$f70"),$AM29,0)),"",(OFFSET(INDIRECT("'"&'DATA for charts'!$H$5&"'!$f70"),$AM29,0))) -> Feb | Y29: =IF(ISNUMBER(OFFSET(INDIRECT("'"&'DATA for charts'!$H$5&"'!$g70"),$AM29,0)),OFFSET(INDIRECT("'"&'DATA for charts'!$H$5&"'!$g70"),$AM29,0),"") -> 9 | Z29: =IF(ISNUMBER(OFFSET(INDIRECT("'"&'DATA for charts'!$H$5&"'!$h70"),$AM29,0)),OFFSET(INDIRECT("'"&'DATA for charts'!$H$5&"'!$h70"),$AM29,0),"") -> 7 | AA29: =MIN(C29,G29,K29,O29,S29,W29) -> 1.25379 | AB29: =MAX(C29,G29,K29,O29,S29,W29) -> 1.693 | AC29: =AVERAGE(C29,G29,K29,O29,S29,W29) -> 1.4886271 | AD29: =IF(AC29=0,"----",ABS((AB29-AA29)/AC29)) -> 0.29504368 | AF29: =IF(ISNUMBER(YourData!$E88),YourData!$E88,"") | AG29: =IF(ISBLANK(YourData!$F88),"",YourData!$F88) | AH29: =IF(ISNUMBER(YourData!$G88),YourData!$G88,"") | AI29: =IF(ISNUMBER(YourData!$H88),YourData!$H88,"") | AM29: =AM28+1 -> 18
B30: 985 Case 900 with "20/20" Thermostat | C30: =IF(ISNUMBER(OFFSET(INDIRECT("'"&'DATA for charts'!$C$5&"'!$e70"),$AM30,0)),OFFSET(INDIRECT("'"&'DATA for charts'!$C$5&"'!$e70"),$AM30,0),"") -> 2.754 | D30: =IF(ISBLANK(OFFSET(INDIRECT("'"&'DATA for charts'!$C$5&"'!$f70"),$AM30,0)),"",(OFFSET(INDIRECT("'"&'DATA for charts'!$C$5&"'!$f70"),$AM30,0))) -> Feb | E30: =IF(ISNUMBER(OFFSET(INDIRECT("'"&'DATA for charts'!$C$5&"'!$g70"),$AM30,0)),OFFSET(INDIRECT("'"&'DATA for charts'!$C$5&"'!$g70"),$AM30,0),"") -> 8 | F30: =IF(ISNUMBER(OFFSET(INDIRECT("'"&'DATA for charts'!$C$5&"'!$h70"),$AM30,0)),OFFSET(INDIRECT("'"&'DATA for charts'!$C$5&"'!$h70"),$AM30,0),"") -> 24 | G30: =IF(ISNUMBER(OFFSET(INDIRECT("'"&'DATA for charts'!$D$5&"'!$e70"),$AM30,0)),OFFSET(INDIRECT("'"&'DATA for charts'!$D$5&"'!$e70"),$AM30,0),"") -> 2.452163 | H30: =IF(ISBLANK(OFFSET(INDIRECT("'"&'DATA for charts'!$D$5&"'!$f70"),$AM30,0)),"",(OFFSET(INDIRECT("'"&'DATA for charts'!$D$5&"'!$f70"),$AM30,0))) -> Feb | I30: =IF(ISNUMBER(OFFSET(INDIRECT("'"&'DATA for charts'!$D$5&"'!$g70"),$AM30,0)),OFFSET(INDIRECT("'"&'DATA for charts'!$D$5&"'!$g70"),$AM30,0),"") -> 9 | J30: =IF(ISNUMBER(OFFSET(INDIRECT("'"&'DATA for charts'!$D$5&"'!$h70"),$AM30,0)),OFFSET(INDIRECT("'"&'DATA for charts'!$D$5&"'!$h70"),$AM30,0),"") -> 6 | K30: =IF(ISNUMBER(OFFSET(INDIRECT("'"&'DATA for charts'!$E$5&"'!$e70"),$AM30,0)),OFFSET(INDIRECT("'"&'DATA for charts'!$E$5&"'!$e70"),$AM30,0),"") -> 2.458 | L30: =IF(ISBLANK(OFFSET(INDIRECT("'"&'DATA for charts'!$E$5&"'!$f70"),$AM30,0)),"",(OFFSET(INDIRECT("'"&'DATA for charts'!$E$5&"'!$f70"),$AM30,0))) -> Feb | M30: =IF(ISNUMBER(OFFSET(INDIRECT("'"&'DATA for charts'!$E$5&"'!$g70"),$AM30,0)),OFFSET(INDIRECT("'"&'DATA for charts'!$E$5&"'!$g70"),$AM30,0),"") -> 9 | N30: =IF(ISNUMBER(OFFSET(INDIRECT("'"&'DATA for charts'!$E$5&"'!$h70"),$AM30,0)),OFFSET(INDIRECT("'"&'DATA for charts'!$E$5&"'!$h70"),$AM30,0),"") -> 5 | O30: =IF(ISNUMBER(OFFSET(INDIRECT("'"&'DATA for charts'!$F$5&"'!$e70"),$AM30,0)),OFFSET(INDIRECT("'"&'DATA for charts'!$F$5&"'!$e70"),$AM30,0),"") -> 2.6954432 | P30: =IF(ISBLANK(OFFSET(INDIRECT("'"&'DATA for charts'!$F$5&"'!$f70"),$AM30,0)),"",(OFFSET(INDIRECT("'"&'DATA for charts'!$F$5&"'!$f70"),$AM30,0))) -> Feb | Q30: =IF(ISNUMBER(OFFSET(INDIRECT("'"&'DATA for charts'!$F$5&"'!$g70"),$AM30,0)),OFFSET(INDIRECT("'"&'DATA for charts'!$F$5&"'!$g70"),$AM30,0),"") -> 9 | R30: =IF(ISNUMBER(OFFSET(INDIRECT("'"&'DATA for charts'!$F$5&"'!$h70"),$AM30,0)),OFFSET(INDIRECT("'"&'DATA for charts'!$F$5&"'!$h70"),$AM30,0),"") -> 6 | S30: =IF(ISNUMBER(OFFSET(INDIRECT("'"&'DATA for charts'!$G$5&"'!$e70"),$AM30,0)),OFFSET(INDIRECT("'"&'DATA for charts'!$G$5&"'!$e70"),$AM30,0),"") -> 2.642 | T30: =IF(ISBLANK(OFFSET(INDIRECT("'"&'DATA for charts'!$G$5&"'!$f70"),$AM30,0)),"",(OFFSET(INDIRECT("'"&'DATA for charts'!$G$5&"'!$f70"),$AM30,0))) -> Feb | U30: =IF(ISNUMBER(OFFSET(INDIRECT("'"&'DATA for charts'!$G$5&"'!$g70"),$AM30,0)),OFFSET(INDIRECT("'"&'DATA for charts'!$G$5&"'!$g70"),$AM30,0),"") -> 9 | V30: =IF(ISNUMBER(OFFSET(INDIRECT("'"&'DATA for charts'!$G$5&"'!$h70"),$AM30,0)),OFFSET(INDIRECT("'"&'DATA for charts'!$G$5&"'!$h70"),$AM30,0),"") -> 7 | W30: =IF(ISNUMBER(OFFSET(INDIRECT("'"&'DATA for charts'!$H$5&"'!$e70"),$AM30,0)),OFFSET(INDIRECT("'"&'DATA for charts'!$H$5&"'!$e70"),$AM30,0),"") -> 2.7854405 | X30: =IF(ISBLANK(OFFSET(INDIRECT("'"&'DATA for charts'!$H$5&"'!$f70"),$AM30,0)),"",(OFFSET(INDIRECT("'"&'DATA for charts'!$H$5&"'!$f70"),$AM30,0))) -> Feb | Y30: =IF(ISNUMBER(OFFSET(INDIRECT("'"&'DATA for charts'!$H$5&"'!$g70"),$AM30,0)),OFFSET(INDIRECT("'"&'DATA for charts'!$H$5&"'!$g70"),$AM30,0),"") -> 9 | Z30: =IF(ISNUMBER(OFFSET(INDIRECT("'"&'DATA for charts'!$H$5&"'!$h70"),$AM30,0)),OFFSET(INDIRECT("'"&'DATA for charts'!$H$5&"'!$h70"),$AM30,0),"") -> 6 | AA30: =MIN(C30,G30,K30,O30,S30,W30) -> 2.452163 | AB30: =MAX(C30,G30,K30,O30,S30,W30) -> 2.7854405 | AC30: =AVERAGE(C30,G30,K30,O30,S30,W30) -> 2.6311745 | AD30: =IF(AC30=0,"----",ABS((AB30-AA30)/AC30)) -> 0.12666492 | AF30: =IF(ISNUMBER(YourData!$E89),YourData!$E89,"") | AG30: =IF(ISBLANK(YourData!$F89),"",YourData!$F89) | AH30: =IF(ISNUMBER(YourData!$G89),YourData!$G89,"") | AI30: =IF(ISNUMBER(YourData!$H89),YourData!$H89,"") | AM30: =AM29+1 -> 19
B31: 995 Case 985 with Increased Insulation | C31: =IF(ISNUMBER(OFFSET(INDIRECT("'"&'DATA for charts'!$C$5&"'!$e70"),$AM31,0)),OFFSET(INDIRECT("'"&'DATA for charts'!$C$5&"'!$e70"),$AM31,0),"") -> 1.711 | D31: =IF(ISBLANK(OFFSET(INDIRECT("'"&'DATA for charts'!$C$5&"'!$f70"),$AM31,0)),"",(OFFSET(INDIRECT("'"&'DATA for charts'!$C$5&"'!$f70"),$AM31,0))) -> Nov | E31: =IF(ISNUMBER(OFFSET(INDIRECT("'"&'DATA for charts'!$C$5&"'!$g70"),$AM31,0)),OFFSET(INDIRECT("'"&'DATA for charts'!$C$5&"'!$g70"),$AM31,0),"") -> 26 | F31: =IF(ISNUMBER(OFFSET(INDIRECT("'"&'DATA for charts'!$C$5&"'!$h70"),$AM31,0)),OFFSET(INDIRECT("'"&'DATA for charts'!$C$5&"'!$h70"),$AM31,0),"") -> 8 | G31: =IF(ISNUMBER(OFFSET(INDIRECT("'"&'DATA for charts'!$D$5&"'!$e70"),$AM31,0)),OFFSET(INDIRECT("'"&'DATA for charts'!$D$5&"'!$e70"),$AM31,0),"") -> 1.369555 | H31: =IF(ISBLANK(OFFSET(INDIRECT("'"&'DATA for charts'!$D$5&"'!$f70"),$AM31,0)),"",(OFFSET(INDIRECT("'"&'DATA for charts'!$D$5&"'!$f70"),$AM31,0))) -> Feb | I31: =IF(ISNUMBER(OFFSET(INDIRECT("'"&'DATA for charts'!$D$5&"'!$g70"),$AM31,0)),OFFSET(INDIRECT("'"&'DATA for charts'!$D$5&"'!$g70"),$AM31,0),"") -> 9 | J31: =IF(ISNUMBER(OFFSET(INDIRECT("'"&'DATA for charts'!$D$5&"'!$h70"),$AM31,0)),OFFSET(INDIRECT("'"&'DATA for charts'!$D$5&"'!$h70"),$AM31,0),"") -> 6 | K31: =IF(ISNUMBER(OFFSET(INDIRECT("'"&'DATA for charts'!$E$5&"'!$e70"),$AM31,0)),OFFSET(INDIRECT("'"&'DATA for charts'!$E$5&"'!$e70"),$AM31,0),"") -> 1.462 | L31: =IF(ISBLANK(OFFSET(INDIRECT("'"&'DATA for charts'!$E$5&"'!$f70"),$AM31,0)),"",(OFFSET(INDIRECT("'"&'DATA for charts'!$E$5&"'!$f70"),$AM31,0))) -> Feb | M31: =IF(ISNUMBER(OFFSET(INDIRECT("'"&'DATA for charts'!$E$5&"'!$g70"),$AM31,0)),OFFSET(INDIRECT("'"&'DATA for charts'!$E$5&"'!$g70"),$AM31,0),"") -> 9 | N31: =IF(ISNUMBER(OFFSET(INDIRECT("'"&'DATA for charts'!$E$5&"'!$h70"),$AM31,0)),OFFSET(INDIRECT("'"&'DATA for charts'!$E$5&"'!$h70"),$AM31,0),"") -> 5 | O31: =IF(ISNUMBER(OFFSET(INDIRECT("'"&'DATA for charts'!$F$5&"'!$e70"),$AM31,0)),OFFSET(INDIRECT("'"&'DATA for charts'!$F$5&"'!$e70"),$AM31,0),"") -> 1.6221238 | P31: =IF(ISBLANK(OFFSET(INDIRECT("'"&'DATA for charts'!$F$5&"'!$f70"),$AM31,0)),"",(OFFSET(INDIRECT("'"&'DATA for charts'!$F$5&"'!$f70"),$AM31,0))) -> Feb | Q31: =IF(ISNUMBER(OFFSET(INDIRECT("'"&'DATA for charts'!$F$5&"'!$g70"),$AM31,0)),OFFSET(INDIRECT("'"&'DATA for charts'!$F$5&"'!$g70"),$AM31,0),"") -> 9 | R31: =IF(ISNUMBER(OFFSET(INDIRECT("'"&'DATA for charts'!$F$5&"'!$h70"),$AM31,0)),OFFSET(INDIRECT("'"&'DATA for charts'!$F$5&"'!$h70"),$AM31,0),"") -> 6 | S31: =IF(ISNUMBER(OFFSET(INDIRECT("'"&'DATA for charts'!$G$5&"'!$e70"),$AM31,0)),OFFSET(INDIRECT("'"&'DATA for charts'!$G$5&"'!$e70"),$AM31,0),"") -> 1.56 | T31: =IF(ISBLANK(OFFSET(INDIRECT("'"&'DATA for charts'!$G$5&"'!$f70"),$AM31,0)),"",(OFFSET(INDIRECT("'"&'DATA for charts'!$G$5&"'!$f70"),$AM31,0))) -> Feb | U31: =IF(ISNUMBER(OFFSET(INDIRECT("'"&'DATA for charts'!$G$5&"'!$g70"),$AM31,0)),OFFSET(INDIRECT("'"&'DATA for charts'!$G$5&"'!$g70"),$AM31,0),"") -> 9 | V31: =IF(ISNUMBER(OFFSET(INDIRECT("'"&'DATA for charts'!$G$5&"'!$h70"),$AM31,0)),OFFSET(INDIRECT("'"&'DATA for charts'!$G$5&"'!$h70"),$AM31,0),"") -> 7 | W31: =IF(ISNUMBER(OFFSET(INDIRECT("'"&'DATA for charts'!$H$5&"'!$e70"),$AM31,0)),OFFSET(INDIRECT("'"&'DATA for charts'!$H$5&"'!$e70"),$AM31,0),"") -> 1.6619848 | X31: =IF(ISBLANK(OFFSET(INDIRECT("'"&'DATA for charts'!$H$5&"'!$f70"),$AM31,0)),"",(OFFSET(INDIRECT("'"&'DATA for charts'!$H$5&"'!$f70"),$AM31,0))) -> Feb | Y31: =IF(ISNUMBER(OFFSET(INDIRECT("'"&'DATA for charts'!$H$5&"'!$g70"),$AM31,0)),OFFSET(INDIRECT("'"&'DATA for charts'!$H$5&"'!$g70"),$AM31,0),"") -> 9 | Z31: =IF(ISNUMBER(OFFSET(INDIRECT("'"&'DATA for charts'!$H$5&"'!$h70"),$AM31,0)),OFFSET(INDIRECT("'"&'DATA for charts'!$H$5&"'!$h70"),$AM31,0),"") -> 6 | AA31: =MIN(C31,G31,K31,O31,S31,W31) -> 1.369555 | AB31: =MAX(C31,G31,K31,O31,S31,W31) -> 1.711 | AC31: =AVERAGE(C31,G31,K31,O31,S31,W31) -> 1.5644439 | AD31: =IF(AC31=0,"----",ABS((AB31-AA31)/AC31)) -> 0.21825327 | AF31: =IF(ISNUMBER(YourData!$E90),YourData!$E90,"") | AG31: =IF(ISBLANK(YourData!$F90),"",YourData!$F90) | AH31: =IF(ISNUMBER(YourData!$G90),YourData!$G90,"") | AI31: =IF(ISNUMBER(YourData!$H90),YourData!$H90,"") | AM31: =AM30+1 -> 20
B32: 195 Solid Conduction | C32: =IF(ISNUMBER(OFFSET(INDIRECT("'"&'DATA for charts'!$C$5&"'!$e70"),$AM32,0)),OFFSET(INDIRECT("'"&'DATA for charts'!$C$5&"'!$e70"),$AM32,0),"") -> 1.802 | D32: =IF(ISBLANK(OFFSET(INDIRECT("'"&'DATA for charts'!$C$5&"'!$f70"),$AM32,0)),"",(OFFSET(INDIRECT("'"&'DATA for charts'!$C$5&"'!$f70"),$AM32,0))) -> Dec | E32: =IF(ISNUMBER(OFFSET(INDIRECT("'"&'DATA for charts'!$C$5&"'!$g70"),$AM32,0)),OFFSET(INDIRECT("'"&'DATA for charts'!$C$5&"'!$g70"),$AM32,0),"") -> 31 | F32: =IF(ISNUMBER(OFFSET(INDIRECT("'"&'DATA for charts'!$C$5&"'!$h70"),$AM32,0)),OFFSET(INDIRECT("'"&'DATA for charts'!$C$5&"'!$h70"),$AM32,0),"") -> 24 | G32: =IF(ISNUMBER(OFFSET(INDIRECT("'"&'DATA for charts'!$D$5&"'!$e70"),$AM32,0)),OFFSET(INDIRECT("'"&'DATA for charts'!$D$5&"'!$e70"),$AM32,0),"") -> 1.790699 | H32: =IF(ISBLANK(OFFSET(INDIRECT("'"&'DATA for charts'!$D$5&"'!$f70"),$AM32,0)),"",(OFFSET(INDIRECT("'"&'DATA for charts'!$D$5&"'!$f70"),$AM32,0))) -> Jan | I32: =IF(ISNUMBER(OFFSET(INDIRECT("'"&'DATA for charts'!$D$5&"'!$g70"),$AM32,0)),OFFSET(INDIRECT("'"&'DATA for charts'!$D$5&"'!$g70"),$AM32,0),"") -> 1 | J32: =IF(ISNUMBER(OFFSET(INDIRECT("'"&'DATA for charts'!$D$5&"'!$h70"),$AM32,0)),OFFSET(INDIRECT("'"&'DATA for charts'!$D$5&"'!$h70"),$AM32,0),"") -> 1 | K32: =IF(ISNUMBER(OFFSET(INDIRECT("'"&'DATA for charts'!$E$5&"'!$e70"),$AM32,0)),OFFSET(INDIRECT("'"&'DATA for charts'!$E$5&"'!$e70"),$AM32,0),"") -> 1.799 | L32: =IF(ISBLANK(OFFSET(INDIRECT("'"&'DATA for charts'!$E$5&"'!$f70"),$AM32,0)),"",(OFFSET(INDIRECT("'"&'DATA for charts'!$E$5&"'!$f70"),$AM32,0))) -> Jan | M32: =IF(ISNUMBER(OFFSET(INDIRECT("'"&'DATA for charts'!$E$5&"'!$g70"),$AM32,0)),OFFSET(INDIRECT("'"&'DATA for charts'!$E$5&"'!$g70"),$AM32,0),"") -> 1 | N32: =IF(ISNUMBER(OFFSET(INDIRECT("'"&'DATA for charts'!$E$5&"'!$h70"),$AM32,0)),OFFSET(INDIRECT("'"&'DATA for charts'!$E$5&"'!$h70"),$AM32,0),"") -> 0 | O32: =IF(ISNUMBER(OFFSET(INDIRECT("'"&'DATA for charts'!$F$5&"'!$e70"),$AM32,0)),OFFSET(INDIRECT("'"&'DATA for charts'!$F$5&"'!$e70"),$AM32,0),"") -> 1.7944107 | P32: =IF(ISBLANK(OFFSET(INDIRECT("'"&'DATA for charts'!$F$5&"'!$f70"),$AM32,0)),"",(OFFSET(INDIRECT("'"&'DATA for charts'!$F$5&"'!$f70"),$AM32,0))) -> Dec | Q32: =IF(ISNUMBER(OFFSET(INDIRECT("'"&'DATA for charts'!$F$5&"'!$g70"),$AM32,0)),OFFSET(INDIRECT("'"&'DATA for charts'!$F$5&"'!$g70"),$AM32,0),"") -> 31 | R32: =IF(ISNUMBER(OFFSET(INDIRECT("'"&'DATA for charts'!$F$5&"'!$h70"),$AM32,0)),OFFSET(INDIRECT("'"&'DATA for charts'!$F$5&"'!$h70"),$AM32,0),"") -> 24 | S32: =IF(ISNUMBER(OFFSET(INDIRECT("'"&'DATA for charts'!$G$5&"'!$e70"),$AM32,0)),OFFSET(INDIRECT("'"&'DATA for charts'!$G$5&"'!$e70"),$AM32,0),"") -> 1.802 | T32: =IF(ISBLANK(OFFSET(INDIRECT("'"&'DATA for charts'!$G$5&"'!$f70"),$AM32,0)),"",(OFFSET(INDIRECT("'"&'DATA for charts'!$G$5&"'!$f70"),$AM32,0))) -> Jan | U32: =IF(ISNUMBER(OFFSET(INDIRECT("'"&'DATA for charts'!$G$5&"'!$g70"),$AM32,0)),OFFSET(INDIRECT("'"&'DATA for charts'!$G$5&"'!$g70"),$AM32,0),"") -> 1 | V32: =IF(ISNUMBER(OFFSET(INDIRECT("'"&'DATA for charts'!$G$5&"'!$h70"),$AM32,0)),OFFSET(INDIRECT("'"&'DATA for charts'!$G$5&"'!$h70"),$AM32,0),"") -> 1 | W32: =IF(ISNUMBER(OFFSET(INDIRECT("'"&'DATA for charts'!$H$5&"'!$e70"),$AM32,0)),OFFSET(INDIRECT("'"&'DATA for charts'!$H$5&"'!$e70"),$AM32,0),"") -> 1.7959218 | X32: =IF(ISBLANK(OFFSET(INDIRECT("'"&'DATA for charts'!$H$5&"'!$f70"),$AM32,0)),"",(OFFSET(INDIRECT("'"&'DATA for charts'!$H$5&"'!$f70"),$AM32,0))) -> Jan | Y32: =IF(ISNUMBER(OFFSET(INDIRECT("'"&'DATA for charts'!$H$5&"'!$g70"),$AM32,0)),OFFSET(INDIRECT("'"&'DATA for charts'!$H$5&"'!$g70"),$AM32,0),"") -> 1 | Z32: =IF(ISNUMBER(OFFSET(INDIRECT("'"&'DATA for charts'!$H$5&"'!$h70"),$AM32,0)),OFFSET(INDIRECT("'"&'DATA for charts'!$H$5&"'!$h70"),$AM32,0),"") -> 1 | AA32: =MIN(C32,G32,K32,O32,S32,W32) -> 1.790699 | AB32: =MAX(C32,G32,K32,O32,S32,W32) -> 1.802 | AC32: =AVERAGE(C32,G32,K32,O32,S32,W32) -> 1.7973386 | AD32: =IF(AC32=0,"----",ABS((AB32-AA32)/AC32)) -> 0.00628763 | AF32: =IF(ISNUMBER(YourData!$E91),YourData!$E91,"") | AG32: =IF(ISBLANK(YourData!$F91),"",YourData!$F91) | AH32: =IF(ISNUMBER(YourData!$G91),YourData!$G91,"") | AI32: =IF(ISNUMBER(YourData!$H91),YourData!$H91,"") | AL32: 13 | AM32: =AM31+1 -> 21
B33: 200 Surface Convection (Int & Ext IR="off") | C33: =IF(ISNUMBER(OFFSET(INDIRECT("'"&'DATA for charts'!$C$5&"'!$e70"),$AM33,0)),OFFSET(INDIRECT("'"&'DATA for charts'!$C$5&"'!$e70"),$AM33,0),"") -> 2.272 | D33: =IF(ISBLANK(OFFSET(INDIRECT("'"&'DATA for charts'!$C$5&"'!$f70"),$AM33,0)),"",(OFFSET(INDIRECT("'"&'DATA for charts'!$C$5&"'!$f70"),$AM33,0))) -> Nov | E33: =IF(ISNUMBER(OFFSET(INDIRECT("'"&'DATA for charts'!$C$5&"'!$g70"),$AM33,0)),OFFSET(INDIRECT("'"&'DATA for charts'!$C$5&"'!$g70"),$AM33,0),"") -> 26 | F33: =IF(ISNUMBER(OFFSET(INDIRECT("'"&'DATA for charts'!$C$5&"'!$h70"),$AM33,0)),OFFSET(INDIRECT("'"&'DATA for charts'!$C$5&"'!$h70"),$AM33,0),"") -> 8 | G33: =IF(ISNUMBER(OFFSET(INDIRECT("'"&'DATA for charts'!$D$5&"'!$e70"),$AM33,0)),OFFSET(INDIRECT("'"&'DATA for charts'!$D$5&"'!$e70"),$AM33,0),"") -> 2.226037 | H33: =IF(ISBLANK(OFFSET(INDIRECT("'"&'DATA for charts'!$D$5&"'!$f70"),$AM33,0)),"",(OFFSET(INDIRECT("'"&'DATA for charts'!$D$5&"'!$f70"),$AM33,0))) -> Nov | I33: =IF(ISNUMBER(OFFSET(INDIRECT("'"&'DATA for charts'!$D$5&"'!$g70"),$AM33,0)),OFFSET(INDIRECT("'"&'DATA for charts'!$D$5&"'!$g70"),$AM33,0),"") -> 26 | J33: =IF(ISNUMBER(OFFSET(INDIRECT("'"&'DATA for charts'!$D$5&"'!$h70"),$AM33,0)),OFFSET(INDIRECT("'"&'DATA for charts'!$D$5&"'!$h70"),$AM33,0),"") -> 8 | K33: =IF(ISNUMBER(OFFSET(INDIRECT("'"&'DATA for charts'!$E$5&"'!$e70"),$AM33,0)),OFFSET(INDIRECT("'"&'DATA for charts'!$E$5&"'!$e70"),$AM33,0),"") -> 2.308 | L33: =IF(ISBLANK(OFFSET(INDIRECT("'"&'DATA for charts'!$E$5&"'!$f70"),$AM33,0)),"",(OFFSET(INDIRECT("'"&'DATA for charts'!$E$5&"'!$f70"),$AM33,0))) -> Jan | M33: =IF(ISNUMBER(OFFSET(INDIRECT("'"&'DATA for charts'!$E$5&"'!$g70"),$AM33,0)),OFFSET(INDIRECT("'"&'DATA for charts'!$E$5&"'!$g70"),$AM33,0),"") -> 1 | N33: =IF(ISNUMBER(OFFSET(INDIRECT("'"&'DATA for charts'!$E$5&"'!$h70"),$AM33,0)),OFFSET(INDIRECT("'"&'DATA for charts'!$E$5&"'!$h70"),$AM33,0),"") -> 0 | O33: =IF(ISNUMBER(OFFSET(INDIRECT("'"&'DATA for charts'!$F$5&"'!$e70"),$AM33,0)),OFFSET(INDIRECT("'"&'DATA for charts'!$F$5&"'!$e70"),$AM33,0),"") -> 2.3413323 | P33: =IF(ISBLANK(OFFSET(INDIRECT("'"&'DATA for charts'!$F$5&"'!$f70"),$AM33,0)),"",(OFFSET(INDIRECT("'"&'DATA for charts'!$F$5&"'!$f70"),$AM33,0))) -> Nov | Q33: =IF(ISNUMBER(OFFSET(INDIRECT("'"&'DATA for charts'!$F$5&"'!$g70"),$AM33,0)),OFFSET(INDIRECT("'"&'DATA for charts'!$F$5&"'!$g70"),$AM33,0),"") -> 26 | R33: =IF(ISNUMBER(OFFSET(INDIRECT("'"&'DATA for charts'!$F$5&"'!$h70"),$AM33,0)),OFFSET(INDIRECT("'"&'DATA for charts'!$F$5&"'!$h70"),$AM33,0),"") -> 8 | S33: =IF(ISNUMBER(OFFSET(INDIRECT("'"&'DATA for charts'!$G$5&"'!$e70"),$AM33,0)),OFFSET(INDIRECT("'"&'DATA for charts'!$G$5&"'!$e70"),$AM33,0),"") -> 2.275 | T33: =IF(ISBLANK(OFFSET(INDIRECT("'"&'DATA for charts'!$G$5&"'!$f70"),$AM33,0)),"",(OFFSET(INDIRECT("'"&'DATA for charts'!$G$5&"'!$f70"),$AM33,0))) -> Dec | U33: =IF(ISNUMBER(OFFSET(INDIRECT("'"&'DATA for charts'!$G$5&"'!$g70"),$AM33,0)),OFFSET(INDIRECT("'"&'DATA for charts'!$G$5&"'!$g70"),$AM33,0),"") -> 31 | V33: =IF(ISNUMBER(OFFSET(INDIRECT("'"&'DATA for charts'!$G$5&"'!$h70"),$AM33,0)),OFFSET(INDIRECT("'"&'DATA for charts'!$G$5&"'!$h70"),$AM33,0),"") -> 24 | W33: =IF(ISNUMBER(OFFSET(INDIRECT("'"&'DATA for charts'!$H$5&"'!$e70"),$AM33,0)),OFFSET(INDIRECT("'"&'DATA for charts'!$H$5&"'!$e70"),$AM33,0),"") -> 2.3527251 | X33: =IF(ISBLANK(OFFSET(INDIRECT("'"&'DATA for charts'!$H$5&"'!$f70"),$AM33,0)),"",(OFFSET(INDIRECT("'"&'DATA for charts'!$H$5&"'!$f70"),$AM33,0))) -> Nov | Y33: =IF(ISNUMBER(OFFSET(INDIRECT("'"&'DATA for charts'!$H$5&"'!$g70"),$AM33,0)),OFFSET(INDIRECT("'"&'DATA for charts'!$H$5&"'!$g70"),$AM33,0),"") -> 26 | Z33: =IF(ISNUMBER(OFFSET(INDIRECT("'"&'DATA for charts'!$H$5&"'!$h70"),$AM33,0)),OFFSET(INDIRECT("'"&'DATA for charts'!$H$5&"'!$h70"),$AM33,0),"") -> 8 | AA33: =MIN(C33,G33,K33,O33,S33,W33) -> 2.226037 | AB33: =MAX(C33,G33,K33,O33,S33,W33) -> 2.3527251 | AC33: =AVERAGE(C33,G33,K33,O33,S33,W33) -> 2.2958491 | AD33: =IF(AC33=0,"----",ABS((AB33-AA33)/AC33)) -> 0.055181364 | AF33: =IF(ISNUMBER(YourData!$E92),YourData!$E92,"") | AG33: =IF(ISBLANK(YourData!$F92),"",YourData!$F92) | AH33: =IF(ISNUMBER(YourData!$G92),YourData!$G92,"") | AI33: =IF(ISNUMBER(YourData!$H92),YourData!$H92,"") | AL33: 14 | AM33: =AM32+1 -> 22
B34: 210 Infrared Radiation (Int IR="off", Ext IR="on") | C34: =IF(ISNUMBER(OFFSET(INDIRECT("'"&'DATA for charts'!$C$5&"'!$e70"),$AM34,0)),OFFSET(INDIRECT("'"&'DATA for charts'!$C$5&"'!$e70"),$AM34,0),"") -> 2.374 | D34: =IF(ISBLANK(OFFSET(INDIRECT("'"&'DATA for charts'!$C$5&"'!$f70"),$AM34,0)),"",(OFFSET(INDIRECT("'"&'DATA for charts'!$C$5&"'!$f70"),$AM34,0))) -> Dec | E34: =IF(ISNUMBER(OFFSET(INDIRECT("'"&'DATA for charts'!$C$5&"'!$g70"),$AM34,0)),OFFSET(INDIRECT("'"&'DATA for charts'!$C$5&"'!$g70"),$AM34,0),"") -> 31 | F34: =IF(ISNUMBER(OFFSET(INDIRECT("'"&'DATA for charts'!$C$5&"'!$h70"),$AM34,0)),OFFSET(INDIRECT("'"&'DATA for charts'!$C$5&"'!$h70"),$AM34,0),"") -> 24 | G34: =IF(ISNUMBER(OFFSET(INDIRECT("'"&'DATA for charts'!$D$5&"'!$e70"),$AM34,0)),OFFSET(INDIRECT("'"&'DATA for charts'!$D$5&"'!$e70"),$AM34,0),"") -> 2.628976 | H34: =IF(ISBLANK(OFFSET(INDIRECT("'"&'DATA for charts'!$D$5&"'!$f70"),$AM34,0)),"",(OFFSET(INDIRECT("'"&'DATA for charts'!$D$5&"'!$f70"),$AM34,0))) -> Jan | I34: =IF(ISNUMBER(OFFSET(INDIRECT("'"&'DATA for charts'!$D$5&"'!$g70"),$AM34,0)),OFFSET(INDIRECT("'"&'DATA for charts'!$D$5&"'!$g70"),$AM34,0),"") -> 1 | J34: =IF(ISNUMBER(OFFSET(INDIRECT("'"&'DATA for charts'!$D$5&"'!$h70"),$AM34,0)),OFFSET(INDIRECT("'"&'DATA for charts'!$D$5&"'!$h70"),$AM34,0),"") -> 2 | K34: =IF(ISNUMBER(OFFSET(INDIRECT("'"&'DATA for charts'!$E$5&"'!$e70"),$AM34,0)),OFFSET(INDIRECT("'"&'DATA for charts'!$E$5&"'!$e70"),$AM34,0),"") -> 2.605 | L34: =IF(ISBLANK(OFFSET(INDIRECT("'"&'DATA for charts'!$E$5&"'!$f70"),$AM34,0)),"",(OFFSET(INDIRECT("'"&'DATA for charts'!$E$5&"'!$f70"),$AM34,0))) -> Jan | M34: =IF(ISNUMBER(OFFSET(INDIRECT("'"&'DATA for charts'!$E$5&"'!$g70"),$AM34,0)),OFFSET(INDIRECT("'"&'DATA for charts'!$E$5&"'!$g70"),$AM34,0),"") -> 1 | N34: =IF(ISNUMBER(OFFSET(INDIRECT("'"&'DATA for charts'!$E$5&"'!$h70"),$AM34,0)),OFFSET(INDIRECT("'"&'DATA for charts'!$E$5&"'!$h70"),$AM34,0),"") -> 0 | O34: =IF(ISNUMBER(OFFSET(INDIRECT("'"&'DATA for charts'!$F$5&"'!$e70"),$AM34,0)),OFFSET(INDIRECT("'"&'DATA for charts'!$F$5&"'!$e70"),$AM34,0),"") -> 2.5645606 | P34: =IF(ISBLANK(OFFSET(INDIRECT("'"&'DATA for charts'!$F$5&"'!$f70"),$AM34,0)),"",(OFFSET(INDIRECT("'"&'DATA for charts'!$F$5&"'!$f70"),$AM34,0))) -> Dec | Q34: =IF(ISNUMBER(OFFSET(INDIRECT("'"&'DATA for charts'!$F$5&"'!$g70"),$AM34,0)),OFFSET(INDIRECT("'"&'DATA for charts'!$F$5&"'!$g70"),$AM34,0),"") -> 31 | R34: =IF(ISNUMBER(OFFSET(INDIRECT("'"&'DATA for charts'!$F$5&"'!$h70"),$AM34,0)),OFFSET(INDIRECT("'"&'DATA for charts'!$F$5&"'!$h70"),$AM34,0),"") -> 24 | S34: =IF(ISNUMBER(OFFSET(INDIRECT("'"&'DATA for charts'!$G$5&"'!$e70"),$AM34,0)),OFFSET(INDIRECT("'"&'DATA for charts'!$G$5&"'!$e70"),$AM34,0),"") -> 2.671 | T34: =IF(ISBLANK(OFFSET(INDIRECT("'"&'DATA for charts'!$G$5&"'!$f70"),$AM34,0)),"",(OFFSET(INDIRECT("'"&'DATA for charts'!$G$5&"'!$f70"),$AM34,0))) -> Jan | U34: =IF(ISNUMBER(OFFSET(INDIRECT("'"&'DATA for charts'!$G$5&"'!$g70"),$AM34,0)),OFFSET(INDIRECT("'"&'DATA for charts'!$G$5&"'!$g70"),$AM34,0),"") -> 1 | V34: =IF(ISNUMBER(OFFSET(INDIRECT("'"&'DATA for charts'!$G$5&"'!$h70"),$AM34,0)),OFFSET(INDIRECT("'"&'DATA for charts'!$G$5&"'!$h70"),$AM34,0),"") -> 1 | W34: =IF(ISNUMBER(OFFSET(INDIRECT("'"&'DATA for charts'!$H$5&"'!$e70"),$AM34,0)),OFFSET(INDIRECT("'"&'DATA for charts'!$H$5&"'!$e70"),$AM34,0),"") -> 2.7497891 | X34: =IF(ISBLANK(OFFSET(INDIRECT("'"&'DATA for charts'!$H$5&"'!$f70"),$AM34,0)),"",(OFFSET(INDIRECT("'"&'DATA for charts'!$H$5&"'!$f70"),$AM34,0))) -> Jan | Y34: =IF(ISNUMBER(OFFSET(INDIRECT("'"&'DATA for charts'!$H$5&"'!$g70"),$AM34,0)),OFFSET(INDIRECT("'"&'DATA for charts'!$H$5&"'!$g70"),$AM34,0),"") -> 1 | Z34: =IF(ISNUMBER(OFFSET(INDIRECT("'"&'DATA for charts'!$H$5&"'!$h70"),$AM34,0)),OFFSET(INDIRECT("'"&'DATA for charts'!$H$5&"'!$h70"),$AM34,0),"") -> 1 | AA34: =MIN(C34,G34,K34,O34,S34,W34) -> 2.374 | AB34: =MAX(C34,G34,K34,O34,S34,W34) -> 2.7497891 | AC34: =AVERAGE(C34,G34,K34,O34,S34,W34) -> 2.5988876 | AD34: =IF(AC34=0,"----",ABS((AB34-AA34)/AC34)) -> 0.14459613 | AF34: =IF(ISNUMBER(YourData!$E93),YourData!$E93,"") | AG34: =IF(ISBLANK(YourData!$F93),"",YourData!$F93) | AH34: =IF(ISNUMBER(YourData!$G93),YourData!$G93,"") | AI34: =IF(ISNUMBER(YourData!$H93),YourData!$H93,"") | AL34: 15 | AM34: =AM33+1 -> 23
B35: 215 Infrared Radiation (Int IR="on", Ext IR="off") | C35: =IF(ISNUMBER(OFFSET(INDIRECT("'"&'DATA for charts'!$C$5&"'!$e70"),$AM35,0)),OFFSET(INDIRECT("'"&'DATA for charts'!$C$5&"'!$e70"),$AM35,0),"") -> 2.521 | D35: =IF(ISBLANK(OFFSET(INDIRECT("'"&'DATA for charts'!$C$5&"'!$f70"),$AM35,0)),"",(OFFSET(INDIRECT("'"&'DATA for charts'!$C$5&"'!$f70"),$AM35,0))) -> Nov | E35: =IF(ISNUMBER(OFFSET(INDIRECT("'"&'DATA for charts'!$C$5&"'!$g70"),$AM35,0)),OFFSET(INDIRECT("'"&'DATA for charts'!$C$5&"'!$g70"),$AM35,0),"") -> 26 | F35: =IF(ISNUMBER(OFFSET(INDIRECT("'"&'DATA for charts'!$C$5&"'!$h70"),$AM35,0)),OFFSET(INDIRECT("'"&'DATA for charts'!$C$5&"'!$h70"),$AM35,0),"") -> 8 | G35: =IF(ISNUMBER(OFFSET(INDIRECT("'"&'DATA for charts'!$D$5&"'!$e70"),$AM35,0)),OFFSET(INDIRECT("'"&'DATA for charts'!$D$5&"'!$e70"),$AM35,0),"") -> 2.419998 | H35: =IF(ISBLANK(OFFSET(INDIRECT("'"&'DATA for charts'!$D$5&"'!$f70"),$AM35,0)),"",(OFFSET(INDIRECT("'"&'DATA for charts'!$D$5&"'!$f70"),$AM35,0))) -> Nov | I35: =IF(ISNUMBER(OFFSET(INDIRECT("'"&'DATA for charts'!$D$5&"'!$g70"),$AM35,0)),OFFSET(INDIRECT("'"&'DATA for charts'!$D$5&"'!$g70"),$AM35,0),"") -> 26 | J35: =IF(ISNUMBER(OFFSET(INDIRECT("'"&'DATA for charts'!$D$5&"'!$h70"),$AM35,0)),OFFSET(INDIRECT("'"&'DATA for charts'!$D$5&"'!$h70"),$AM35,0),"") -> 8 | K35: =IF(ISNUMBER(OFFSET(INDIRECT("'"&'DATA for charts'!$E$5&"'!$e70"),$AM35,0)),OFFSET(INDIRECT("'"&'DATA for charts'!$E$5&"'!$e70"),$AM35,0),"") -> 2.52 | L35: =IF(ISBLANK(OFFSET(INDIRECT("'"&'DATA for charts'!$E$5&"'!$f70"),$AM35,0)),"",(OFFSET(INDIRECT("'"&'DATA for charts'!$E$5&"'!$f70"),$AM35,0))) -> Jan | M35: =IF(ISNUMBER(OFFSET(INDIRECT("'"&'DATA for charts'!$E$5&"'!$g70"),$AM35,0)),OFFSET(INDIRECT("'"&'DATA for charts'!$E$5&"'!$g70"),$AM35,0),"") -> 1 | N35: =IF(ISNUMBER(OFFSET(INDIRECT("'"&'DATA for charts'!$E$5&"'!$h70"),$AM35,0)),OFFSET(INDIRECT("'"&'DATA for charts'!$E$5&"'!$h70"),$AM35,0),"") -> 0 | O35: =IF(ISNUMBER(OFFSET(INDIRECT("'"&'DATA for charts'!$F$5&"'!$e70"),$AM35,0)),OFFSET(INDIRECT("'"&'DATA for charts'!$F$5&"'!$e70"),$AM35,0),"") -> 2.4778186 | P35: =IF(ISBLANK(OFFSET(INDIRECT("'"&'DATA for charts'!$F$5&"'!$f70"),$AM35,0)),"",(OFFSET(INDIRECT("'"&'DATA for charts'!$F$5&"'!$f70"),$AM35,0))) -> Nov | Q35: =IF(ISNUMBER(OFFSET(INDIRECT("'"&'DATA for charts'!$F$5&"'!$g70"),$AM35,0)),OFFSET(INDIRECT("'"&'DATA for charts'!$F$5&"'!$g70"),$AM35,0),"") -> 26 | R35: =IF(ISNUMBER(OFFSET(INDIRECT("'"&'DATA for charts'!$F$5&"'!$h70"),$AM35,0)),OFFSET(INDIRECT("'"&'DATA for charts'!$F$5&"'!$h70"),$AM35,0),"") -> 8 | S35: =IF(ISNUMBER(OFFSET(INDIRECT("'"&'DATA for charts'!$G$5&"'!$e70"),$AM35,0)),OFFSET(INDIRECT("'"&'DATA for charts'!$G$5&"'!$e70"),$AM35,0),"") -> 2.39 | T35: =IF(ISBLANK(OFFSET(INDIRECT("'"&'DATA for charts'!$G$5&"'!$f70"),$AM35,0)),"",(OFFSET(INDIRECT("'"&'DATA for charts'!$G$5&"'!$f70"),$AM35,0))) -> Nov | U35: =IF(ISNUMBER(OFFSET(INDIRECT("'"&'DATA for charts'!$G$5&"'!$g70"),$AM35,0)),OFFSET(INDIRECT("'"&'DATA for charts'!$G$5&"'!$g70"),$AM35,0),"") -> 26 | V35: =IF(ISNUMBER(OFFSET(INDIRECT("'"&'DATA for charts'!$G$5&"'!$h70"),$AM35,0)),OFFSET(INDIRECT("'"&'DATA for charts'!$G$5&"'!$h70"),$AM35,0),"") -> 8 | W35: =IF(ISNUMBER(OFFSET(INDIRECT("'"&'DATA for charts'!$H$5&"'!$e70"),$AM35,0)),OFFSET(INDIRECT("'"&'DATA for charts'!$H$5&"'!$e70"),$AM35,0),"") -> 2.4893734 | X35: =IF(ISBLANK(OFFSET(INDIRECT("'"&'DATA for charts'!$H$5&"'!$f70"),$AM35,0)),"",(OFFSET(INDIRECT("'"&'DATA for charts'!$H$5&"'!$f70"),$AM35,0))) -> Nov | Y35: =IF(ISNUMBER(OFFSET(INDIRECT("'"&'DATA for charts'!$H$5&"'!$g70"),$AM35,0)),OFFSET(INDIRECT("'"&'DATA for charts'!$H$5&"'!$g70"),$AM35,0),"") -> 26 | Z35: =IF(ISNUMBER(OFFSET(INDIRECT("'"&'DATA for charts'!$H$5&"'!$h70"),$AM35,0)),OFFSET(INDIRECT("'"&'DATA for charts'!$H$5&"'!$h70"),$AM35,0),"") -> 8 | AA35: =MIN(C35,G35,K35,O35,S35,W35) -> 2.39 | AB35: =MAX(C35,G35,K35,O35,S35,W35) -> 2.521 | AC35: =AVERAGE(C35,G35,K35,O35,S35,W35) -> 2.4696983 | AD35: =IF(AC35=0,"----",ABS((AB35-AA35)/AC35)) -> 0.053042916 | AF35: =IF(ISNUMBER(YourData!$E94),YourData!$E94,"") | AG35: =IF(ISBLANK(YourData!$F94),"",YourData!$F94) | AH35: =IF(ISNUMBER(YourData!$G94),YourData!$G94,"") | AI35: =IF(ISNUMBER(YourData!$H94),YourData!$H94,"") | AL35: 16 | AM35: =AM34+1 -> 24
B36: 220 In-Depth Base Case | C36: =IF(ISNUMBER(OFFSET(INDIRECT("'"&'DATA for charts'!$C$5&"'!$e70"),$AM36,0)),OFFSET(INDIRECT("'"&'DATA for charts'!$C$5&"'!$e70"),$AM36,0),"") -> 2.631 | D36: =IF(ISBLANK(OFFSET(INDIRECT("'"&'DATA for charts'!$C$5&"'!$f70"),$AM36,0)),"",(OFFSET(INDIRECT("'"&'DATA for charts'!$C$5&"'!$f70"),$AM36,0))) -> Nov | E36: =IF(ISNUMBER(OFFSET(INDIRECT("'"&'DATA for charts'!$C$5&"'!$g70"),$AM36,0)),OFFSET(INDIRECT("'"&'DATA for charts'!$C$5&"'!$g70"),$AM36,0),"") -> 26 | F36: =IF(ISNUMBER(OFFSET(INDIRECT("'"&'DATA for charts'!$C$5&"'!$h70"),$AM36,0)),OFFSET(INDIRECT("'"&'DATA for charts'!$C$5&"'!$h70"),$AM36,0),"") -> 8 | G36: =IF(ISNUMBER(OFFSET(INDIRECT("'"&'DATA for charts'!$D$5&"'!$e70"),$AM36,0)),OFFSET(INDIRECT("'"&'DATA for charts'!$D$5&"'!$e70"),$AM36,0),"") -> 2.839379 | H36: =IF(ISBLANK(OFFSET(INDIRECT("'"&'DATA for charts'!$D$5&"'!$f70"),$AM36,0)),"",(OFFSET(INDIRECT("'"&'DATA for charts'!$D$5&"'!$f70"),$AM36,0))) -> Jan | I36: =IF(ISNUMBER(OFFSET(INDIRECT("'"&'DATA for charts'!$D$5&"'!$g70"),$AM36,0)),OFFSET(INDIRECT("'"&'DATA for charts'!$D$5&"'!$g70"),$AM36,0),"") -> 1 | J36: =IF(ISNUMBER(OFFSET(INDIRECT("'"&'DATA for charts'!$D$5&"'!$h70"),$AM36,0)),OFFSET(INDIRECT("'"&'DATA for charts'!$D$5&"'!$h70"),$AM36,0),"") -> 1 | K36: =IF(ISNUMBER(OFFSET(INDIRECT("'"&'DATA for charts'!$E$5&"'!$e70"),$AM36,0)),OFFSET(INDIRECT("'"&'DATA for charts'!$E$5&"'!$e70"),$AM36,0),"") -> 2.863 | L36: =IF(ISBLANK(OFFSET(INDIRECT("'"&'DATA for charts'!$E$5&"'!$f70"),$AM36,0)),"",(OFFSET(INDIRECT("'"&'DATA for charts'!$E$5&"'!$f70"),$AM36,0))) -> Jan | M36: =IF(ISNUMBER(OFFSET(INDIRECT("'"&'DATA for charts'!$E$5&"'!$g70"),$AM36,0)),OFFSET(INDIRECT("'"&'DATA for charts'!$E$5&"'!$g70"),$AM36,0),"") -> 1 | N36: =IF(ISNUMBER(OFFSET(INDIRECT("'"&'DATA for charts'!$E$5&"'!$h70"),$AM36,0)),OFFSET(INDIRECT("'"&'DATA for charts'!$E$5&"'!$h70"),$AM36,0),"") -> 0 | O36: =IF(ISNUMBER(OFFSET(INDIRECT("'"&'DATA for charts'!$F$5&"'!$e70"),$AM36,0)),OFFSET(INDIRECT("'"&'DATA for charts'!$F$5&"'!$e70"),$AM36,0),"") -> 2.6920325 | P36: =IF(ISBLANK(OFFSET(INDIRECT("'"&'DATA for charts'!$F$5&"'!$f70"),$AM36,0)),"",(OFFSET(INDIRECT("'"&'DATA for charts'!$F$5&"'!$f70"),$AM36,0))) -> Dec | Q36: =IF(ISNUMBER(OFFSET(INDIRECT("'"&'DATA for charts'!$F$5&"'!$g70"),$AM36,0)),OFFSET(INDIRECT("'"&'DATA for charts'!$F$5&"'!$g70"),$AM36,0),"") -> 31 | R36: =IF(ISNUMBER(OFFSET(INDIRECT("'"&'DATA for charts'!$F$5&"'!$h70"),$AM36,0)),OFFSET(INDIRECT("'"&'DATA for charts'!$F$5&"'!$h70"),$AM36,0),"") -> 24 | S36: =IF(ISNUMBER(OFFSET(INDIRECT("'"&'DATA for charts'!$G$5&"'!$e70"),$AM36,0)),OFFSET(INDIRECT("'"&'DATA for charts'!$G$5&"'!$e70"),$AM36,0),"") -> 2.788 | T36: =IF(ISBLANK(OFFSET(INDIRECT("'"&'DATA for charts'!$G$5&"'!$f70"),$AM36,0)),"",(OFFSET(INDIRECT("'"&'DATA for charts'!$G$5&"'!$f70"),$AM36,0))) -> Jan | U36: =IF(ISNUMBER(OFFSET(INDIRECT("'"&'DATA for charts'!$G$5&"'!$g70"),$AM36,0)),OFFSET(INDIRECT("'"&'DATA for charts'!$G$5&"'!$g70"),$AM36,0),"") -> 1 | V36: =IF(ISNUMBER(OFFSET(INDIRECT("'"&'DATA for charts'!$G$5&"'!$h70"),$AM36,0)),OFFSET(INDIRECT("'"&'DATA for charts'!$G$5&"'!$h70"),$AM36,0),"") -> 1 | W36: =IF(ISNUMBER(OFFSET(INDIRECT("'"&'DATA for charts'!$H$5&"'!$e70"),$AM36,0)),OFFSET(INDIRECT("'"&'DATA for charts'!$H$5&"'!$e70"),$AM36,0),"") -> 2.8785737 | X36: =IF(ISBLANK(OFFSET(INDIRECT("'"&'DATA for charts'!$H$5&"'!$f70"),$AM36,0)),"",(OFFSET(INDIRECT("'"&'DATA for charts'!$H$5&"'!$f70"),$AM36,0))) -> Jan | Y36: =IF(ISNUMBER(OFFSET(INDIRECT("'"&'DATA for charts'!$H$5&"'!$g70"),$AM36,0)),OFFSET(INDIRECT("'"&'DATA for charts'!$H$5&"'!$g70"),$AM36,0),"") -> 1 | Z36: =IF(ISNUMBER(OFFSET(INDIRECT("'"&'DATA for charts'!$H$5&"'!$h70"),$AM36,0)),OFFSET(INDIRECT("'"&'DATA for charts'!$H$5&"'!$h70"),$AM36,0),"") -> 1 | AA36: =MIN(C36,G36,K36,O36,S36,W36) -> 2.631 | AB36: =MAX(C36,G36,K36,O36,S36,W36) -> 2.8785737 | AC36: =AVERAGE(C36,G36,K36,O36,S36,W36) -> 2.7819975 | AD36: =IF(AC36=0,"----",ABS((AB36-AA36)/AC36)) -> 0.08899136 | AF36: =IF(ISNUMBER(YourData!$E95),YourData!$E95,"") | AG36: =IF(ISBLANK(YourData!$F95),"",YourData!$F95) | AH36: =IF(ISNUMBER(YourData!$G95),YourData!$G95,"") | AI36: =IF(ISNUMBER(YourData!$H95),YourData!$H95,"") | AL36: 17 | AM36: =AM35+1 -> 25
